"DataMessageGUID","SensorID","Sensor Name","Date","Value","Formatted Value","Battery","Raw Data","Sensor State","GatewayID","Alert Sent","Signal Strength","Voltage","Special Export Value"
"b67432ae-2bbb-42b2-8414-bec45135ca66","630899","G-force - Max & Avg - 630899","05/17/2022 12:02 AM","0.059","X Max: 0.059 g , Y Max: 0.866 g , Z Max: 0.463 g , Magnitude Max: 0.975 g , X Avg: 0.05 g , Y Avg: 0.855 g , Z Avg: 0.442 g , Magnitude Mean: 0.964 g","100","0.059|0.866|0.463|0.975|0.05|0.855|0.442|0.964|0","0","971850","False","0","2.99"
"5d060b22-36d2-4c7f-9ec4-b4f8cf85d5cd","630899","G-force - Max & Avg - 630899","05/17/2022 12:12 AM","0.16","X Max: 0.16 g , Y Max: 0.946 g , Z Max: 0.554 g , Magnitude Max: 1.044 g , X Avg: 0.03 g , Y Avg: 0.843 g , Z Avg: 0.462 g , Magnitude Mean: 0.961 g","100","0.16|0.946|0.554|1.044|0.03|0.843|0.462|0.961|0","0","971850","False","0","2.99"
"03ad74ec-6535-422f-a30a-c89a9db45831","630899","G-force - Max & Avg - 630899","05/17/2022 12:22 AM","0.04","X Max: 0.04 g , Y Max: 0.85 g , Z Max: 0.475 g , Magnitude Max: 0.97 g , X Avg: 0.031 g , Y Avg: 0.842 g , Z Avg: 0.464 g , Magnitude Mean: 0.961 g","100","0.04|0.85|0.475|0.97|0.031|0.842|0.464|0.961|0","0","971850","False","0","2.99"
"423ccdd5-431a-4864-8831-288babf3cb00","630899","G-force - Max & Avg - 630899","05/17/2022 12:32 AM","0.039","X Max: 0.039 g , Y Max: 0.85 g , Z Max: 0.477 g , Magnitude Max: 0.972 g , X Avg: 0.031 g , Y Avg: 0.842 g , Z Avg: 0.465 g , Magnitude Mean: 0.961 g","100","0.039|0.85|0.477|0.972|0.031|0.842|0.465|0.961|0","0","971850","False","0","2.96"
"43fd6d3f-bd1d-4415-a6d6-9ac83a250228","630899","G-force - Max & Avg - 630899","05/17/2022 12:41 AM","0.658","X Max: 0.658 g , Y Max: 1.904 g , Z Max: 0.792 g , Magnitude Max: 2.123 g , X Avg: 0.035 g , Y Avg: 0.856 g , Z Avg: 0.436 g , Magnitude Mean: 0.963 g","100","0.658|1.904|0.792|2.123|0.035|0.856|0.436|0.963|2","2","971850","True","0","2.96"
"a672e083-d242-4046-b3c8-3cf1269c33ef","630899","G-force - Max & Avg - 630899","05/17/2022 12:41 AM","0.904","X Max: 0.904 g , Y Max: 2.108 g , Z Max: 1.962 g , Magnitude Max: 2.958 g , X Avg: 0.12 g , Y Avg: 0.897 g , Z Avg: 0.368 g , Magnitude Mean: 0.985 g","100","0.904|2.108|1.962|2.958|0.12|0.897|0.368|0.985|2","2","971850","True","0","2.96"
"393bf4a5-886e-49c8-96c5-9165385a4432","630899","G-force - Max & Avg - 630899","05/17/2022 12:42 AM","2.298","X Max: 2.298 g , Y Max: 3.996 g , Z Max: 1.554 g , Magnitude Max: 4.813 g , X Avg: 0.068 g , Y Avg: 0.897 g , Z Avg: 0.355 g , Magnitude Mean: 0.97 g","100","2.298|3.996|1.554|4.813|0.068|0.897|0.355|0.97|2","2","971850","True","0","2.96"
"3a9d6379-8e67-40be-ba63-d02952bfa43c","630899","G-force - Max & Avg - 630899","05/17/2022 12:52 AM","0.078","X Max: 0.078 g , Y Max: 0.948 g , Z Max: 0.43 g , Magnitude Max: 1.016 g , X Avg: 0.04 g , Y Avg: 0.881 g , Z Avg: 0.393 g , Magnitude Mean: 0.965 g","100","0.078|0.948|0.43|1.016|0.04|0.881|0.393|0.965|0","0","971850","False","0","2.97"
"4c76663e-6316-400d-9252-fd86c31a018e","630899","G-force - Max & Avg - 630899","05/17/2022 1:02 AM","0.047","X Max: 0.047 g , Y Max: 0.889 g , Z Max: 0.402 g , Magnitude Max: 0.974 g , X Avg: 0.04 g , Y Avg: 0.881 g , Z Avg: 0.393 g , Magnitude Mean: 0.965 g","100","0.047|0.889|0.402|0.974|0.04|0.881|0.393|0.965|0","0","971850","False","0","2.97"
"97fd3f58-38d4-49c9-b0f4-b690ac76ae4d","630899","G-force - Max & Avg - 630899","05/17/2022 1:12 AM","0.049","X Max: 0.049 g , Y Max: 0.889 g , Z Max: 0.403 g , Magnitude Max: 0.974 g , X Avg: 0.04 g , Y Avg: 0.881 g , Z Avg: 0.393 g , Magnitude Mean: 0.965 g","100","0.049|0.889|0.403|0.974|0.04|0.881|0.393|0.965|0","0","971850","False","0","2.97"
"c6fbbb00-8937-4aa9-bd8f-94fe330c63ff","630899","G-force - Max & Avg - 630899","05/17/2022 1:16 AM","0.433","X Max: 0.433 g , Y Max: 2.436 g , Z Max: 0.569 g , Magnitude Max: 2.488 g , X Avg: 0.041 g , Y Avg: 0.881 g , Z Avg: 0.392 g , Magnitude Mean: 0.965 g","100","0.433|2.436|0.569|2.488|0.041|0.881|0.392|0.965|2","2","971850","True","0","2.97"
"f15726d6-21d3-43d9-ab6a-ab15af9d5db0","630899","G-force - Max & Avg - 630899","05/17/2022 1:26 AM","0.058","X Max: 0.058 g , Y Max: 0.922 g , Z Max: 0.439 g , Magnitude Max: 1.017 g , X Avg: 0.029 g , Y Avg: 0.879 g , Z Avg: 0.396 g , Magnitude Mean: 0.964 g","100","0.058|0.922|0.439|1.017|0.029|0.879|0.396|0.964|0","0","971850","False","0","2.96"
"eb1cd297-cc6a-42d0-971d-bced22fc7a63","630899","G-force - Max & Avg - 630899","05/17/2022 1:36 AM","0.037","X Max: 0.037 g , Y Max: 0.888 g , Z Max: 0.406 g , Magnitude Max: 0.974 g , X Avg: 0.028 g , Y Avg: 0.88 g , Z Avg: 0.395 g , Magnitude Mean: 0.964 g","100","0.037|0.888|0.406|0.974|0.028|0.88|0.395|0.964|0","0","971850","False","0","2.96"
"fd255d83-9452-4d42-891b-abc191d6fd8e","630899","G-force - Max & Avg - 630899","05/17/2022 1:44 AM","0.913","X Max: 0.913 g , Y Max: 4 g , Z Max: 0.938 g , Magnitude Max: 4.183 g , X Avg: 0.028 g , Y Avg: 0.88 g , Z Avg: 0.395 g , Magnitude Mean: 0.964 g","100","0.913|4|0.938|4.183|0.028|0.88|0.395|0.964|2","2","971850","True","0","2.96"
"232edc5b-2191-4b1f-93e0-316c92db739d","630899","G-force - Max & Avg - 630899","05/17/2022 1:54 AM","0.03","X Max: 0.03 g , Y Max: 0.891 g , Z Max: 0.398 g , Magnitude Max: 0.973 g , X Avg: 0.023 g , Y Avg: 0.883 g , Z Avg: 0.387 g , Magnitude Mean: 0.964 g","100","0.03|0.891|0.398|0.973|0.023|0.883|0.387|0.964|0","0","971850","False","0","2.96"
"3dd4d01e-83f5-460a-bde2-8d997a30ab87","630899","G-force - Max & Avg - 630899","05/17/2022 2:04 AM","0.031","X Max: 0.031 g , Y Max: 0.891 g , Z Max: 0.398 g , Magnitude Max: 0.974 g , X Avg: 0.023 g , Y Avg: 0.883 g , Z Avg: 0.387 g , Magnitude Mean: 0.964 g","100","0.031|0.891|0.398|0.974|0.023|0.883|0.387|0.964|0","0","971850","False","0","2.96"
"e9ca7f43-6984-446b-b01d-f02d0f0f4790","630899","G-force - Max & Avg - 630899","05/17/2022 2:14 AM","0.032","X Max: 0.032 g , Y Max: 0.891 g , Z Max: 0.398 g , Magnitude Max: 0.974 g , X Avg: 0.023 g , Y Avg: 0.883 g , Z Avg: 0.387 g , Magnitude Mean: 0.964 g","100","0.032|0.891|0.398|0.974|0.023|0.883|0.387|0.964|0","0","971850","False","0","2.96"
"06767599-a561-423e-8d63-5566b5c7bad6","630899","G-force - Max & Avg - 630899","05/17/2022 2:24 AM","0.031","X Max: 0.031 g , Y Max: 0.891 g , Z Max: 0.399 g , Magnitude Max: 0.974 g , X Avg: 0.023 g , Y Avg: 0.883 g , Z Avg: 0.387 g , Magnitude Mean: 0.964 g","100","0.031|0.891|0.399|0.974|0.023|0.883|0.387|0.964|0","0","971850","False","0","2.96"
"ebdb4a86-2b41-4b95-baf5-c64afd572011","630899","G-force - Max & Avg - 630899","05/17/2022 2:34 AM","0.031","X Max: 0.031 g , Y Max: 0.891 g , Z Max: 0.398 g , Magnitude Max: 0.974 g , X Avg: 0.023 g , Y Avg: 0.883 g , Z Avg: 0.387 g , Magnitude Mean: 0.964 g","100","0.031|0.891|0.398|0.974|0.023|0.883|0.387|0.964|0","0","971850","False","0","2.96"
"e45c988f-8952-4fd4-afdb-30eff9b87e0c","630899","G-force - Max & Avg - 630899","05/17/2022 2:44 AM","0.03","X Max: 0.03 g , Y Max: 0.891 g , Z Max: 0.398 g , Magnitude Max: 0.974 g , X Avg: 0.023 g , Y Avg: 0.883 g , Z Avg: 0.387 g , Magnitude Mean: 0.964 g","100","0.03|0.891|0.398|0.974|0.023|0.883|0.387|0.964|0","0","971850","False","0","2.96"
"24219600-5e16-44f0-9d00-58353e4758dd","630899","G-force - Max & Avg - 630899","05/17/2022 2:54 AM","0.031","X Max: 0.031 g , Y Max: 0.891 g , Z Max: 0.398 g , Magnitude Max: 0.973 g , X Avg: 0.023 g , Y Avg: 0.883 g , Z Avg: 0.387 g , Magnitude Mean: 0.964 g","100","0.031|0.891|0.398|0.973|0.023|0.883|0.387|0.964|0","0","971850","False","0","2.96"
"47d7a922-3abf-448d-8ce8-b419fc52fe58","630899","G-force - Max & Avg - 630899","05/17/2022 3:04 AM","0.031","X Max: 0.031 g , Y Max: 0.891 g , Z Max: 0.398 g , Magnitude Max: 0.973 g , X Avg: 0.023 g , Y Avg: 0.883 g , Z Avg: 0.387 g , Magnitude Mean: 0.964 g","100","0.031|0.891|0.398|0.973|0.023|0.883|0.387|0.964|0","0","971850","False","0","2.96"
"03dbf133-b14e-4f5d-82c4-781d35c81f7b","630899","G-force - Max & Avg - 630899","05/17/2022 3:14 AM","0.032","X Max: 0.032 g , Y Max: 0.892 g , Z Max: 0.397 g , Magnitude Max: 0.974 g , X Avg: 0.023 g , Y Avg: 0.883 g , Z Avg: 0.387 g , Magnitude Mean: 0.964 g","100","0.032|0.892|0.397|0.974|0.023|0.883|0.387|0.964|0","0","971850","False","0","2.96"
"96db7e8d-9044-49d6-8f84-cb3ae70cbc53","630899","G-force - Max & Avg - 630899","05/17/2022 3:24 AM","0.03","X Max: 0.03 g , Y Max: 0.892 g , Z Max: 0.397 g , Magnitude Max: 0.974 g , X Avg: 0.023 g , Y Avg: 0.883 g , Z Avg: 0.387 g , Magnitude Mean: 0.964 g","100","0.03|0.892|0.397|0.974|0.023|0.883|0.387|0.964|0","0","971850","False","0","2.96"
"0a51f745-ca64-48c8-9970-e5037fe29841","630899","G-force - Max & Avg - 630899","05/17/2022 3:34 AM","0.032","X Max: 0.032 g , Y Max: 0.892 g , Z Max: 0.398 g , Magnitude Max: 0.973 g , X Avg: 0.023 g , Y Avg: 0.883 g , Z Avg: 0.387 g , Magnitude Mean: 0.964 g","100","0.032|0.892|0.398|0.973|0.023|0.883|0.387|0.964|0","0","971850","False","0","2.96"
"175baa83-12aa-4f37-ad15-b3203ead452c","630899","G-force - Max & Avg - 630899","05/17/2022 3:44 AM","0.03","X Max: 0.03 g , Y Max: 0.891 g , Z Max: 0.397 g , Magnitude Max: 0.973 g , X Avg: 0.023 g , Y Avg: 0.883 g , Z Avg: 0.387 g , Magnitude Mean: 0.964 g","100","0.03|0.891|0.397|0.973|0.023|0.883|0.387|0.964|0","0","971850","False","0","2.96"
"4cc831ef-e46d-4758-a533-a56d05794c8b","630899","G-force - Max & Avg - 630899","05/17/2022 3:54 AM","0.03","X Max: 0.03 g , Y Max: 0.893 g , Z Max: 0.397 g , Magnitude Max: 0.974 g , X Avg: 0.023 g , Y Avg: 0.883 g , Z Avg: 0.386 g , Magnitude Mean: 0.964 g","100","0.03|0.893|0.397|0.974|0.023|0.883|0.386|0.964|0","0","971850","False","0","2.96"
"6ab8c764-1061-46f6-b103-911bcc005c0c","630899","G-force - Max & Avg - 630899","05/17/2022 4:04 AM","0.03","X Max: 0.03 g , Y Max: 0.892 g , Z Max: 0.397 g , Magnitude Max: 0.973 g , X Avg: 0.023 g , Y Avg: 0.883 g , Z Avg: 0.386 g , Magnitude Mean: 0.964 g","100","0.03|0.892|0.397|0.973|0.023|0.883|0.386|0.964|0","0","971850","False","0","2.96"
"1cf6720b-2817-42f7-82e7-af882a07afdc","630899","G-force - Max & Avg - 630899","05/17/2022 4:14 AM","0.03","X Max: 0.03 g , Y Max: 0.891 g , Z Max: 0.398 g , Magnitude Max: 0.974 g , X Avg: 0.023 g , Y Avg: 0.883 g , Z Avg: 0.386 g , Magnitude Mean: 0.964 g","100","0.03|0.891|0.398|0.974|0.023|0.883|0.386|0.964|0","0","971850","False","0","2.96"
"d8d30b91-98d5-4721-be12-cc292bf6137d","630899","G-force - Max & Avg - 630899","05/17/2022 4:24 AM","0.033","X Max: 0.033 g , Y Max: 0.891 g , Z Max: 0.398 g , Magnitude Max: 0.973 g , X Avg: 0.023 g , Y Avg: 0.883 g , Z Avg: 0.386 g , Magnitude Mean: 0.964 g","100","0.033|0.891|0.398|0.973|0.023|0.883|0.386|0.964|0","0","971850","False","0","2.96"
"329f75a4-31cb-447d-8b70-aa61dd8c0cd2","630899","G-force - Max & Avg - 630899","05/17/2022 4:34 AM","0.03","X Max: 0.03 g , Y Max: 0.892 g , Z Max: 0.397 g , Magnitude Max: 0.973 g , X Avg: 0.023 g , Y Avg: 0.883 g , Z Avg: 0.386 g , Magnitude Mean: 0.964 g","100","0.03|0.892|0.397|0.973|0.023|0.883|0.386|0.964|0","0","971850","False","0","2.96"
"d6d5adce-ec52-427c-b378-067c530b82a9","630899","G-force - Max & Avg - 630899","05/17/2022 4:44 AM","0.03","X Max: 0.03 g , Y Max: 0.891 g , Z Max: 0.396 g , Magnitude Max: 0.973 g , X Avg: 0.023 g , Y Avg: 0.883 g , Z Avg: 0.386 g , Magnitude Mean: 0.964 g","100","0.03|0.891|0.396|0.973|0.023|0.883|0.386|0.964|0","0","971850","False","0","2.96"
"f988e9ac-1604-47b5-9b80-2500ae754c04","630899","G-force - Max & Avg - 630899","05/17/2022 4:54 AM","0.031","X Max: 0.031 g , Y Max: 0.892 g , Z Max: 0.397 g , Magnitude Max: 0.974 g , X Avg: 0.023 g , Y Avg: 0.883 g , Z Avg: 0.386 g , Magnitude Mean: 0.964 g","100","0.031|0.892|0.397|0.974|0.023|0.883|0.386|0.964|0","0","971850","False","0","2.96"
"79e45aa5-e83f-47a8-b603-9905dab8c770","630899","G-force - Max & Avg - 630899","05/17/2022 5:04 AM","0.032","X Max: 0.032 g , Y Max: 0.892 g , Z Max: 0.397 g , Magnitude Max: 0.974 g , X Avg: 0.023 g , Y Avg: 0.883 g , Z Avg: 0.386 g , Magnitude Mean: 0.964 g","100","0.032|0.892|0.397|0.974|0.023|0.883|0.386|0.964|0","0","971850","False","0","2.96"
"270555a9-3a9d-412c-a3fe-0187e889343c","630899","G-force - Max & Avg - 630899","05/17/2022 5:14 AM","0.031","X Max: 0.031 g , Y Max: 0.892 g , Z Max: 0.397 g , Magnitude Max: 0.975 g , X Avg: 0.023 g , Y Avg: 0.883 g , Z Avg: 0.386 g , Magnitude Mean: 0.964 g","100","0.031|0.892|0.397|0.975|0.023|0.883|0.386|0.964|0","0","971850","False","0","2.96"
"d3e5299b-c9ea-401a-a471-ae2a73505806","630899","G-force - Max & Avg - 630899","05/17/2022 5:24 AM","0.032","X Max: 0.032 g , Y Max: 0.891 g , Z Max: 0.398 g , Magnitude Max: 0.973 g , X Avg: 0.023 g , Y Avg: 0.883 g , Z Avg: 0.386 g , Magnitude Mean: 0.964 g","100","0.032|0.891|0.398|0.973|0.023|0.883|0.386|0.964|0","0","971850","False","0","2.96"
"d21cbce8-fefb-43f7-b8f6-9264566fcaf2","630899","G-force - Max & Avg - 630899","05/17/2022 5:34 AM","0.03","X Max: 0.03 g , Y Max: 0.891 g , Z Max: 0.396 g , Magnitude Max: 0.973 g , X Avg: 0.023 g , Y Avg: 0.883 g , Z Avg: 0.386 g , Magnitude Mean: 0.964 g","100","0.03|0.891|0.396|0.973|0.023|0.883|0.386|0.964|0","0","971850","False","0","2.96"
"c22ebf8d-1a5e-4965-ad98-225705a0cdd4","630899","G-force - Max & Avg - 630899","05/17/2022 5:44 AM","0.031","X Max: 0.031 g , Y Max: 0.892 g , Z Max: 0.397 g , Magnitude Max: 0.973 g , X Avg: 0.023 g , Y Avg: 0.883 g , Z Avg: 0.386 g , Magnitude Mean: 0.964 g","100","0.031|0.892|0.397|0.973|0.023|0.883|0.386|0.964|0","0","971850","False","0","2.96"
"75f4605f-b4a1-43a1-9efc-d25d2ab561f9","630899","G-force - Max & Avg - 630899","05/17/2022 5:54 AM","0.03","X Max: 0.03 g , Y Max: 0.892 g , Z Max: 0.397 g , Magnitude Max: 0.974 g , X Avg: 0.023 g , Y Avg: 0.883 g , Z Avg: 0.386 g , Magnitude Mean: 0.964 g","100","0.03|0.892|0.397|0.974|0.023|0.883|0.386|0.964|0","0","971850","False","0","2.96"
"1e28a50c-75d9-4177-a9ab-11e240495ee2","630899","G-force - Max & Avg - 630899","05/17/2022 6:04 AM","0.031","X Max: 0.031 g , Y Max: 0.892 g , Z Max: 0.398 g , Magnitude Max: 0.974 g , X Avg: 0.023 g , Y Avg: 0.883 g , Z Avg: 0.386 g , Magnitude Mean: 0.964 g","100","0.031|0.892|0.398|0.974|0.023|0.883|0.386|0.964|0","0","971850","False","0","2.96"
"09ab2d81-f9b4-48e1-8488-aaf3727d59f3","630899","G-force - Max & Avg - 630899","05/17/2022 6:14 AM","0.031","X Max: 0.031 g , Y Max: 0.892 g , Z Max: 0.397 g , Magnitude Max: 0.975 g , X Avg: 0.023 g , Y Avg: 0.883 g , Z Avg: 0.386 g , Magnitude Mean: 0.964 g","100","0.031|0.892|0.397|0.975|0.023|0.883|0.386|0.964|0","0","971850","False","0","2.96"
"35f63c0d-1285-47fa-affa-13f97017a439","630899","G-force - Max & Avg - 630899","05/17/2022 6:24 AM","0.031","X Max: 0.031 g , Y Max: 0.891 g , Z Max: 0.396 g , Magnitude Max: 0.973 g , X Avg: 0.023 g , Y Avg: 0.883 g , Z Avg: 0.386 g , Magnitude Mean: 0.964 g","100","0.031|0.891|0.396|0.973|0.023|0.883|0.386|0.964|0","0","971850","False","0","2.96"
"b9d374ac-ea96-4bdb-a424-4ac5a3cd9e6b","630899","G-force - Max & Avg - 630899","05/17/2022 6:34 AM","0.032","X Max: 0.032 g , Y Max: 0.892 g , Z Max: 0.397 g , Magnitude Max: 0.973 g , X Avg: 0.023 g , Y Avg: 0.883 g , Z Avg: 0.386 g , Magnitude Mean: 0.964 g","100","0.032|0.892|0.397|0.973|0.023|0.883|0.386|0.964|0","0","971850","False","0","2.96"
"515c2cfd-dde0-4850-856e-c9f58ce7f3e2","630899","G-force - Max & Avg - 630899","05/17/2022 6:44 AM","0.03","X Max: 0.03 g , Y Max: 0.891 g , Z Max: 0.398 g , Magnitude Max: 0.975 g , X Avg: 0.023 g , Y Avg: 0.883 g , Z Avg: 0.386 g , Magnitude Mean: 0.964 g","100","0.03|0.891|0.398|0.975|0.023|0.883|0.386|0.964|0","0","971850","False","0","2.96"
"4074c11f-0bec-41aa-b49c-3ba112a121b1","630899","G-force - Max & Avg - 630899","05/17/2022 6:54 AM","0.03","X Max: 0.03 g , Y Max: 0.893 g , Z Max: 0.397 g , Magnitude Max: 0.974 g , X Avg: 0.023 g , Y Avg: 0.883 g , Z Avg: 0.386 g , Magnitude Mean: 0.964 g","100","0.03|0.893|0.397|0.974|0.023|0.883|0.386|0.964|0","0","971850","False","0","2.96"
"8e2dc084-0447-49b2-b518-fa2a765e06bb","630899","G-force - Max & Avg - 630899","05/17/2022 7:04 AM","0.03","X Max: 0.03 g , Y Max: 0.891 g , Z Max: 0.397 g , Magnitude Max: 0.973 g , X Avg: 0.023 g , Y Avg: 0.883 g , Z Avg: 0.386 g , Magnitude Mean: 0.964 g","100","0.03|0.891|0.397|0.973|0.023|0.883|0.386|0.964|0","0","971850","False","0","2.96"
"e58e61fe-7112-4208-be4f-2e3808a11b65","630899","G-force - Max & Avg - 630899","05/17/2022 7:14 AM","0.031","X Max: 0.031 g , Y Max: 0.892 g , Z Max: 0.397 g , Magnitude Max: 0.973 g , X Avg: 0.023 g , Y Avg: 0.883 g , Z Avg: 0.386 g , Magnitude Mean: 0.964 g","100","0.031|0.892|0.397|0.973|0.023|0.883|0.386|0.964|0","0","971850","False","0","2.96"
"6e5d9702-25c3-481a-aa66-f0f05a1f9feb","630899","G-force - Max & Avg - 630899","05/17/2022 7:24 AM","0.031","X Max: 0.031 g , Y Max: 0.892 g , Z Max: 0.397 g , Magnitude Max: 0.974 g , X Avg: 0.023 g , Y Avg: 0.883 g , Z Avg: 0.386 g , Magnitude Mean: 0.964 g","100","0.031|0.892|0.397|0.974|0.023|0.883|0.386|0.964|0","0","971850","False","0","2.96"
"3e061114-e9dc-4963-a58e-07e65a41e8a5","630899","G-force - Max & Avg - 630899","05/17/2022 7:34 AM","0.031","X Max: 0.031 g , Y Max: 0.892 g , Z Max: 0.397 g , Magnitude Max: 0.973 g , X Avg: 0.023 g , Y Avg: 0.883 g , Z Avg: 0.386 g , Magnitude Mean: 0.964 g","100","0.031|0.892|0.397|0.973|0.023|0.883|0.386|0.964|0","0","971850","False","0","2.96"
"8156cfa0-e3cf-435d-b4a4-341b3c1f52a7","630899","G-force - Max & Avg - 630899","05/17/2022 7:44 AM","0.03","X Max: 0.03 g , Y Max: 0.891 g , Z Max: 0.396 g , Magnitude Max: 0.974 g , X Avg: 0.023 g , Y Avg: 0.883 g , Z Avg: 0.386 g , Magnitude Mean: 0.964 g","100","0.03|0.891|0.396|0.974|0.023|0.883|0.386|0.964|0","0","971850","False","0","2.96"
"66d56c0e-23ac-47bc-a736-2d78cc9c4e99","630899","G-force - Max & Avg - 630899","05/17/2022 7:54 AM","0.03","X Max: 0.03 g , Y Max: 0.893 g , Z Max: 0.398 g , Magnitude Max: 0.974 g , X Avg: 0.023 g , Y Avg: 0.883 g , Z Avg: 0.386 g , Magnitude Mean: 0.964 g","100","0.03|0.893|0.398|0.974|0.023|0.883|0.386|0.964|0","0","971850","False","0","2.95"
"902dc422-d59c-4ac5-8788-ad12174f2922","630899","G-force - Max & Avg - 630899","05/17/2022 8:04 AM","0.032","X Max: 0.032 g , Y Max: 0.891 g , Z Max: 0.397 g , Magnitude Max: 0.973 g , X Avg: 0.023 g , Y Avg: 0.883 g , Z Avg: 0.386 g , Magnitude Mean: 0.964 g","100","0.032|0.891|0.397|0.973|0.023|0.883|0.386|0.964|0","0","971850","False","0","2.95"
"408e2eb8-5e51-49da-b3e5-8b94c6c4e806","630899","G-force - Max & Avg - 630899","05/17/2022 8:14 AM","0.031","X Max: 0.031 g , Y Max: 0.893 g , Z Max: 0.396 g , Magnitude Max: 0.974 g , X Avg: 0.023 g , Y Avg: 0.883 g , Z Avg: 0.386 g , Magnitude Mean: 0.964 g","100","0.031|0.893|0.396|0.974|0.023|0.883|0.386|0.964|0","0","971850","False","0","2.95"
"775c49d8-9a16-4e73-a081-9fd55a1bf407","630899","G-force - Max & Avg - 630899","05/17/2022 8:24 AM","0.032","X Max: 0.032 g , Y Max: 0.892 g , Z Max: 0.398 g , Magnitude Max: 0.974 g , X Avg: 0.023 g , Y Avg: 0.884 g , Z Avg: 0.386 g , Magnitude Mean: 0.964 g","100","0.032|0.892|0.398|0.974|0.023|0.884|0.386|0.964|0","0","971850","False","0","2.95"
"ecfcfc2b-f3f8-4e83-b3c6-ee5e96617eee","630899","G-force - Max & Avg - 630899","05/17/2022 8:27 AM","1.114","X Max: 1.114 g , Y Max: 1.379 g , Z Max: 0.715 g , Magnitude Max: 1.699 g , X Avg: 0.028 g , Y Avg: 0.884 g , Z Avg: 0.384 g , Magnitude Mean: 0.965 g","100","1.114|1.379|0.715|1.699|0.028|0.884|0.384|0.965|2","2","971850","True","0","2.95"
"765daaeb-abaf-43d6-a128-d747f8c4f22c","630899","G-force - Max & Avg - 630899","05/17/2022 8:29 AM","1.095","X Max: 1.095 g , Y Max: 2.188 g , Z Max: 1.047 g , Magnitude Max: 2.548 g , X Avg: 0.192 g , Y Avg: 0.84 g , Z Avg: 0.449 g , Magnitude Mean: 0.973 g","100","1.095|2.188|1.047|2.548|0.192|0.84|0.449|0.973|2","2","971850","True","0","2.95"
"110a3e23-796d-45a8-944c-e739408e194a","630899","G-force - Max & Avg - 630899","05/17/2022 8:29 AM","0.332","X Max: 0.332 g , Y Max: 1.291 g , Z Max: 2.117 g , Magnitude Max: 2.238 g , X Avg: 0.153 g , Y Avg: 1.038 g , Z Avg: 0.648 g , Magnitude Mean: 1.282 g","100","0.332|1.291|2.117|2.238|0.153|1.038|0.648|1.282|2","2","971850","True","0","2.96"
"fbece6c6-b28f-4a62-95e6-ef93449fdfd1","630899","G-force - Max & Avg - 630899","05/17/2022 8:29 AM","0.737","X Max: 0.737 g , Y Max: 2.276 g , Z Max: 0.676 g , Magnitude Max: 2.396 g , X Avg: 0.172 g , Y Avg: 0.932 g , Z Avg: 0.264 g , Magnitude Mean: 0.995 g","100","0.737|2.276|0.676|2.396|0.172|0.932|0.264|0.995|2","2","971850","True","0","2.96"
"2f177a65-13e2-4126-9acf-4cdb13a28eb5","630899","G-force - Max & Avg - 630899","05/17/2022 8:29 AM","0.422","X Max: 0.422 g , Y Max: 1.963 g , Z Max: 1.495 g , Magnitude Max: 2.309 g , X Avg: 0.042 g , Y Avg: 0.889 g , Z Avg: 0.378 g , Magnitude Mean: 0.967 g","100","0.422|1.963|1.495|2.309|0.042|0.889|0.378|0.967|2","2","971850","True","0","2.96"
"05e61000-30fb-4d83-a968-d6b0dff566a0","630899","G-force - Max & Avg - 630899","05/17/2022 8:30 AM","0.11","X Max: 0.11 g , Y Max: 1.946 g , Z Max: 0.426 g , Magnitude Max: 1.956 g , X Avg: 0.061 g , Y Avg: 0.904 g , Z Avg: 0.346 g , Magnitude Mean: 0.97 g","100","0.11|1.946|0.426|1.956|0.061|0.904|0.346|0.97|2","2","971850","True","0","2.96"
"f09e71cb-fd9d-4ea6-8ef0-1d6f219ba10f","630899","G-force - Max & Avg - 630899","05/17/2022 8:31 AM","0.649","X Max: 0.649 g , Y Max: 1.885 g , Z Max: 0.823 g , Magnitude Max: 1.98 g , X Avg: 0.069 g , Y Avg: 0.917 g , Z Avg: 0.307 g , Magnitude Mean: 0.974 g","100","0.649|1.885|0.823|1.98|0.069|0.917|0.307|0.974|2","2","971850","True","0","2.96"
"8e3554e4-d8f9-4820-be84-b9c16c2239fe","630899","G-force - Max & Avg - 630899","05/17/2022 8:31 AM","3.447","X Max: 3.447 g , Y Max: 2.222 g , Z Max: 0.786 g , Magnitude Max: 4.083 g , X Avg: 0.112 g , Y Avg: 0.954 g , Z Avg: 0.229 g , Magnitude Mean: 0.995 g","100","3.447|2.222|0.786|4.083|0.112|0.954|0.229|0.995|2","2","971850","True","0","2.96"
"99bbc99a-9d8b-4624-93fd-afc3c680d91e","630899","G-force - Max & Avg - 630899","05/17/2022 8:31 AM","0.699","X Max: 0.699 g , Y Max: 2.039 g , Z Max: 0.496 g , Magnitude Max: 2.074 g , X Avg: 0.197 g , Y Avg: 0.97 g , Z Avg: 0.19 g , Magnitude Mean: 1.022 g","100","0.699|2.039|0.496|2.074|0.197|0.97|0.19|1.022|2","2","971850","True","0","2.96"
"a8706a2b-2b8c-47cd-a962-7b0dbc519189","630899","G-force - Max & Avg - 630899","05/17/2022 8:31 AM","1.001","X Max: 1.001 g , Y Max: 2.034 g , Z Max: 0.467 g , Magnitude Max: 2.052 g , X Avg: 0.265 g , Y Avg: 0.945 g , Z Avg: 0.186 g , Magnitude Mean: 1.024 g","100","1.001|2.034|0.467|2.052|0.265|0.945|0.186|1.024|2","2","971850","True","0","2.96"
"0e8db007-7d04-4e0c-9cf8-3642169268ee","630899","G-force - Max & Avg - 630899","05/17/2022 8:32 AM","1.429","X Max: 1.429 g , Y Max: 1.917 g , Z Max: 0.698 g , Magnitude Max: 1.954 g , X Avg: 0.219 g , Y Avg: 0.954 g , Z Avg: 0.164 g , Magnitude Mean: 1.011 g","100","1.429|1.917|0.698|1.954|0.219|0.954|0.164|1.011|2","2","971850","True","0","2.96"
"cebdd514-c6bd-4591-aaf5-cffdd9d7e89d","630899","G-force - Max & Avg - 630899","05/17/2022 8:32 AM","0.88","X Max: 0.88 g , Y Max: 1.973 g , Z Max: 0.467 g , Magnitude Max: 1.986 g , X Avg: 0.245 g , Y Avg: 0.944 g , Z Avg: 0.165 g , Magnitude Mean: 1.007 g","100","0.88|1.973|0.467|1.986|0.245|0.944|0.165|1.007|2","2","971850","True","0","2.96"
"06b85522-97ba-4b49-a828-14f6d01e54b0","630899","G-force - Max & Avg - 630899","05/17/2022 8:32 AM","0.865","X Max: 0.865 g , Y Max: 2.012 g , Z Max: 0.577 g , Magnitude Max: 2.028 g , X Avg: 0.258 g , Y Avg: 0.936 g , Z Avg: 0.164 g , Magnitude Mean: 1.001 g","100","0.865|2.012|0.577|2.028|0.258|0.936|0.164|1.001|2","2","971850","True","0","2.96"
"904a3bc1-1c23-41ba-9831-6575aea4b0bf","630899","G-force - Max & Avg - 630899","05/17/2022 8:33 AM","0.849","X Max: 0.849 g , Y Max: 2.074 g , Z Max: 0.567 g , Magnitude Max: 2.141 g , X Avg: 0.257 g , Y Avg: 0.945 g , Z Avg: 0.172 g , Magnitude Mean: 1.015 g","100","0.849|2.074|0.567|2.141|0.257|0.945|0.172|1.015|2","2","971850","True","0","2.96"
"96266dad-4f6a-45d1-91e4-47fb7bf79e83","630899","G-force - Max & Avg - 630899","05/17/2022 8:33 AM","0.834","X Max: 0.834 g , Y Max: 2.287 g , Z Max: 0.775 g , Magnitude Max: 2.458 g , X Avg: 0.28 g , Y Avg: 0.907 g , Z Avg: 0.237 g , Magnitude Mean: 1.021 g","100","0.834|2.287|0.775|2.458|0.28|0.907|0.237|1.021|2","2","971850","True","0","2.96"
"73a094e2-c421-45b9-9d6c-a231280a063c","630899","G-force - Max & Avg - 630899","05/17/2022 8:33 AM","0.932","X Max: 0.932 g , Y Max: 1.993 g , Z Max: 0.416 g , Magnitude Max: 2.034 g , X Avg: 0.263 g , Y Avg: 0.938 g , Z Avg: 0.144 g , Magnitude Mean: 1.005 g","100","0.932|1.993|0.416|2.034|0.263|0.938|0.144|1.005|2","2","971850","True","0","2.96"
"0ad0e680-4aa6-4f16-9c02-a41fb4b25a86","630899","G-force - Max & Avg - 630899","05/17/2022 8:33 AM","0.494","X Max: 0.494 g , Y Max: 1.94 g , Z Max: 0.481 g , Magnitude Max: 2.028 g , X Avg: 0.188 g , Y Avg: 0.949 g , Z Avg: 0.209 g , Magnitude Mean: 0.995 g","100","0.494|1.94|0.481|2.028|0.188|0.949|0.209|0.995|2","2","971850","True","0","2.96"
"9ac42283-0d95-464b-a0ee-2b6a5f8530a6","630899","G-force - Max & Avg - 630899","05/17/2022 8:33 AM","0.925","X Max: 0.925 g , Y Max: 2.06 g , Z Max: 0.457 g , Magnitude Max: 2.182 g , X Avg: 0.255 g , Y Avg: 0.942 g , Z Avg: 0.17 g , Magnitude Mean: 1.009 g","100","0.925|2.06|0.457|2.182|0.255|0.942|0.17|1.009|2","2","971850","True","0","2.96"
"1a991ae8-86e7-42b0-9a05-bff14a806507","630899","G-force - Max & Avg - 630899","05/17/2022 8:33 AM","3.471","X Max: 3.471 g , Y Max: 1.871 g , Z Max: 0.627 g , Magnitude Max: 3.899 g , X Avg: 0.191 g , Y Avg: 0.991 g , Z Avg: 0.181 g , Magnitude Mean: 1.061 g","100","3.471|1.871|0.627|3.899|0.191|0.991|0.181|1.061|2","2","971850","True","0","2.96"
"694e8b8d-536b-46d0-b174-426d53a395da","630899","G-force - Max & Avg - 630899","05/17/2022 8:33 AM","1.437","X Max: 1.437 g , Y Max: 1.793 g , Z Max: 0.745 g , Magnitude Max: 1.946 g , X Avg: 0.06 g , Y Avg: 0.913 g , Z Avg: 0.35 g , Magnitude Mean: 0.985 g","100","1.437|1.793|0.745|1.946|0.06|0.913|0.35|0.985|2","2","971850","True","0","2.96"
"6c24e19f-c960-40c6-b6af-402dcdd9ec3c","630899","G-force - Max & Avg - 630899","05/17/2022 8:34 AM","0.517","X Max: 0.517 g , Y Max: 2.129 g , Z Max: 0.729 g , Magnitude Max: 2.261 g , X Avg: 0.051 g , Y Avg: 0.969 g , Z Avg: 0.288 g , Magnitude Mean: 1.015 g","100","0.517|2.129|0.729|2.261|0.051|0.969|0.288|1.015|2","2","971850","True","0","2.96"
"355eb82e-3e70-4f9b-bf52-4bd40b754b1f","630899","G-force - Max & Avg - 630899","05/17/2022 8:34 AM","0.215","X Max: 0.215 g , Y Max: 1.909 g , Z Max: 0.647 g , Magnitude Max: 2.021 g , X Avg: 0.053 g , Y Avg: 0.938 g , Z Avg: 0.26 g , Magnitude Mean: 0.977 g","100","0.215|1.909|0.647|2.021|0.053|0.938|0.26|0.977|2","2","971850","True","0","2.96"
"3bf099f4-d666-4997-8983-5c21c1f7d37d","630899","G-force - Max & Avg - 630899","05/17/2022 8:34 AM","0.223","X Max: 0.223 g , Y Max: 2.095 g , Z Max: 0.65 g , Magnitude Max: 2.196 g , X Avg: 0.066 g , Y Avg: 0.899 g , Z Avg: 0.257 g , Magnitude Mean: 0.938 g","100","0.223|2.095|0.65|2.196|0.066|0.899|0.257|0.938|2","2","971850","True","0","2.96"
"79ed4265-afe6-4ea9-8432-d0f78838a140","630899","G-force - Max & Avg - 630899","05/17/2022 8:34 AM","0.174","X Max: 0.174 g , Y Max: 1.91 g , Z Max: 0.586 g , Magnitude Max: 2 g , X Avg: 0.051 g , Y Avg: 0.981 g , Z Avg: 0.274 g , Magnitude Mean: 1.021 g","100","0.174|1.91|0.586|2|0.051|0.981|0.274|1.021|2","2","971850","True","0","2.96"
"2fc87a58-6a41-4782-8576-dda8621c33cc","630899","G-force - Max & Avg - 630899","05/17/2022 8:34 AM","0.235","X Max: 0.235 g , Y Max: 1.989 g , Z Max: 0.653 g , Magnitude Max: 2.092 g , X Avg: 0.042 g , Y Avg: 0.937 g , Z Avg: 0.258 g , Magnitude Mean: 0.973 g","100","0.235|1.989|0.653|2.092|0.042|0.937|0.258|0.973|2","2","971850","True","0","2.96"
"12a13821-9211-4357-8acb-7007e50f6193","630899","G-force - Max & Avg - 630899","05/17/2022 8:35 AM","0.429","X Max: 0.429 g , Y Max: 1.949 g , Z Max: 0.588 g , Magnitude Max: 2.028 g , X Avg: 0.047 g , Y Avg: 0.948 g , Z Avg: 0.266 g , Magnitude Mean: 0.987 g","100","0.429|1.949|0.588|2.028|0.047|0.948|0.266|0.987|2","2","971850","True","0","2.96"
"0a6781c6-5561-4dfb-90d1-df2767a0ec3c","630899","G-force - Max & Avg - 630899","05/17/2022 8:35 AM","0.242","X Max: 0.242 g , Y Max: 1.955 g , Z Max: 0.642 g , Magnitude Max: 2.063 g , X Avg: 0.047 g , Y Avg: 0.923 g , Z Avg: 0.262 g , Magnitude Mean: 0.962 g","100","0.242|1.955|0.642|2.063|0.047|0.923|0.262|0.962|2","2","971850","True","0","2.96"
"a64e6aa2-d4ee-4f8b-80a3-7ae84523f517","630899","G-force - Max & Avg - 630899","05/17/2022 8:35 AM","0.711","X Max: 0.711 g , Y Max: 1.908 g , Z Max: 0.622 g , Magnitude Max: 2.007 g , X Avg: 0.043 g , Y Avg: 0.959 g , Z Avg: 0.269 g , Magnitude Mean: 1 g","100","0.711|1.908|0.622|2.007|0.043|0.959|0.269|1|2","2","971850","True","0","2.96"
"52cd2db7-f1f7-4e30-ae0a-4d34df54e60f","630899","G-force - Max & Avg - 630899","05/17/2022 8:35 AM","1.291","X Max: 1.291 g , Y Max: 1.057 g , Z Max: 0.702 g , Magnitude Max: 1.486 g , X Avg: 0.342 g , Y Avg: 0.585 g , Z Avg: 0.329 g , Magnitude Mean: 0.836 g","100","1.291|1.057|0.702|1.486|0.342|0.585|0.329|0.836|2","2","971850","False","0","2.96"
"26a88bdb-0b0a-44d0-a711-4192c45a7516","630899","G-force - Max & Avg - 630899","05/17/2022 8:35 AM","0.104","X Max: 0.104 g , Y Max: 1.619 g , Z Max: 0.584 g , Magnitude Max: 1.722 g , X Avg: 0.034 g , Y Avg: 1.017 g , Z Avg: 0.358 g , Magnitude Mean: 1.078 g","100","0.104|1.619|0.584|1.722|0.034|1.017|0.358|1.078|2","2","971850","True","0","2.96"
"51b6aa46-fedc-4d3c-86b3-86d347d12b81","630899","G-force - Max & Avg - 630899","05/17/2022 8:36 AM","0.851","X Max: 0.851 g , Y Max: 1.956 g , Z Max: 0.73 g , Magnitude Max: 2.057 g , X Avg: 0.039 g , Y Avg: 0.939 g , Z Avg: 0.25 g , Magnitude Mean: 0.974 g","100","0.851|1.956|0.73|2.057|0.039|0.939|0.25|0.974|2","2","971850","True","0","2.96"
"37f7586d-8e8d-4733-bd02-f776572ec20c","630899","G-force - Max & Avg - 630899","05/17/2022 8:36 AM","0.915","X Max: 0.915 g , Y Max: 2.021 g , Z Max: 0.659 g , Magnitude Max: 2.115 g , X Avg: 0.071 g , Y Avg: 0.95 g , Z Avg: 0.236 g , Magnitude Mean: 0.989 g","100","0.915|2.021|0.659|2.115|0.071|0.95|0.236|0.989|2","2","971850","True","0","2.96"
"49fbc3d0-12d3-47cd-a130-62edda97a5e0","630899","G-force - Max & Avg - 630899","05/17/2022 8:37 AM","2.172","X Max: 2.172 g , Y Max: 1.903 g , Z Max: 3.32 g , Magnitude Max: 4.142 g , X Avg: 0.062 g , Y Avg: 0.949 g , Z Avg: 0.239 g , Magnitude Mean: 0.992 g","100","2.172|1.903|3.32|4.142|0.062|0.949|0.239|0.992|2","2","971850","True","0","2.96"
"f8948c97-2a82-4c36-9edd-68419c297a7b","630899","G-force - Max & Avg - 630899","05/17/2022 8:37 AM","0.615","X Max: 0.615 g , Y Max: 3.601 g , Z Max: 3.078 g , Magnitude Max: 3.743 g , X Avg: 0.038 g , Y Avg: 0.951 g , Z Avg: 0.218 g , Magnitude Mean: 0.979 g","100","0.615|3.601|3.078|3.743|0.038|0.951|0.218|0.979|2","2","971850","True","0","2.96"
"9a5f5968-18ac-419c-8e66-e5227871f721","630899","G-force - Max & Avg - 630899","05/17/2022 8:37 AM","0.203","X Max: 0.203 g , Y Max: 1.913 g , Z Max: 0.534 g , Magnitude Max: 1.986 g , X Avg: 0.037 g , Y Avg: 0.954 g , Z Avg: 0.217 g , Magnitude Mean: 0.98 g","100","0.203|1.913|0.534|1.986|0.037|0.954|0.217|0.98|2","2","971850","True","0","2.97"
"e496ae30-856f-49e6-947a-388e922b9aba","630899","G-force - Max & Avg - 630899","05/17/2022 8:38 AM","1.287","X Max: 1.287 g , Y Max: 1.879 g , Z Max: 1.136 g , Magnitude Max: 1.969 g , X Avg: 0.046 g , Y Avg: 0.946 g , Z Avg: 0.246 g , Magnitude Mean: 0.983 g","100","1.287|1.879|1.136|1.969|0.046|0.946|0.246|0.983|2","2","971850","True","0","2.97"
"c203d4b4-c29a-4e4c-a077-88416b007d54","630899","G-force - Max & Avg - 630899","05/17/2022 8:38 AM","1.182","X Max: 1.182 g , Y Max: 1.487 g , Z Max: 1.448 g , Magnitude Max: 1.909 g , X Avg: 0.1 g , Y Avg: 0.899 g , Z Avg: 0.233 g , Magnitude Mean: 0.958 g","100","1.182|1.487|1.448|1.909|0.1|0.899|0.233|0.958|2","2","971850","True","0","2.97"
"a9b7b940-3ead-4c92-9c86-55c8aca5f33a","630899","G-force - Max & Avg - 630899","05/17/2022 8:38 AM","1.356","X Max: 1.356 g , Y Max: 1.839 g , Z Max: 0.997 g , Magnitude Max: 2.489 g , X Avg: 0.073 g , Y Avg: 0.958 g , Z Avg: 0.188 g , Magnitude Mean: 0.984 g","100","1.356|1.839|0.997|2.489|0.073|0.958|0.188|0.984|2","2","971850","True","0","2.97"
"14934273-f878-43cd-a763-d6eeec953c24","630899","G-force - Max & Avg - 630899","05/17/2022 8:39 AM","0.938","X Max: 0.938 g , Y Max: 1.777 g , Z Max: 2.718 g , Magnitude Max: 2.948 g , X Avg: 0.061 g , Y Avg: 0.918 g , Z Avg: 0.313 g , Magnitude Mean: 0.976 g","100","0.938|1.777|2.718|2.948|0.061|0.918|0.313|0.976|2","2","971850","True","0","2.97"
"028ab886-9a0c-452e-aa56-3474464b62bb","630899","G-force - Max & Avg - 630899","05/17/2022 8:39 AM","0.578","X Max: 0.578 g , Y Max: 1.736 g , Z Max: 2.473 g , Magnitude Max: 3.061 g , X Avg: 0.09 g , Y Avg: 0.931 g , Z Avg: 0.303 g , Magnitude Mean: 0.996 g","100","0.578|1.736|2.473|3.061|0.09|0.931|0.303|0.996|2","2","971850","True","0","2.96"
"6a4a943e-a6ca-40cd-b2b3-f48804d40fae","630899","G-force - Max & Avg - 630899","05/17/2022 8:39 AM","1.167","X Max: 1.167 g , Y Max: 1.967 g , Z Max: 2.381 g , Magnitude Max: 3.302 g , X Avg: 0.065 g , Y Avg: 0.9 g , Z Avg: 0.366 g , Magnitude Mean: 0.983 g","100","1.167|1.967|2.381|3.302|0.065|0.9|0.366|0.983|2","2","971850","True","0","2.96"
"be142776-94f9-43b9-b8ef-e8ce5b21d1be","630899","G-force - Max & Avg - 630899","05/17/2022 8:49 AM","0.266","X Max: 0.266 g , Y Max: 1.079 g , Z Max: 0.576 g , Magnitude Max: 1.12 g , X Avg: 0.073 g , Y Avg: 0.893 g , Z Avg: 0.367 g , Magnitude Mean: 0.969 g","100","0.266|1.079|0.576|1.12|0.073|0.893|0.367|0.969|0","0","971850","False","0","2.96"
"991e871c-fcb7-4e91-85f9-c9e200995957","630899","G-force - Max & Avg - 630899","05/17/2022 8:59 AM","0.184","X Max: 0.184 g , Y Max: 1.059 g , Z Max: 0.483 g , Magnitude Max: 1.144 g , X Avg: 0.073 g , Y Avg: 0.891 g , Z Avg: 0.374 g , Magnitude Mean: 0.969 g","100","0.184|1.059|0.483|1.144|0.073|0.891|0.374|0.969|0","0","971850","False","0","2.96"
"3db1c81f-77da-43c4-ba90-b5173d413914","630899","G-force - Max & Avg - 630899","05/17/2022 9:01 AM","1.909","X Max: 1.909 g , Y Max: 2.633 g , Z Max: 2.353 g , Magnitude Max: 3.696 g , X Avg: 0.109 g , Y Avg: 0.893 g , Z Avg: 0.363 g , Magnitude Mean: 0.974 g","100","1.909|2.633|2.353|3.696|0.109|0.893|0.363|0.974|2","2","971850","True","0","2.96"
"f62b1a4a-6ecf-401f-8cbe-0392c5e2cc90","630899","G-force - Max & Avg - 630899","05/17/2022 9:02 AM","0.993","X Max: 0.993 g , Y Max: 1.674 g , Z Max: 1.651 g , Magnitude Max: 2.028 g , X Avg: 0.068 g , Y Avg: 0.922 g , Z Avg: 0.286 g , Magnitude Mean: 0.973 g","100","0.993|1.674|1.651|2.028|0.068|0.922|0.286|0.973|2","2","971850","True","0","2.96"
"3b17974f-6af1-4e94-b666-66ca94e00e9a","630899","G-force - Max & Avg - 630899","05/17/2022 9:02 AM","1.6","X Max: 1.6 g , Y Max: 1.41 g , Z Max: 0.457 g , Magnitude Max: 2.033 g , X Avg: 0.105 g , Y Avg: 0.96 g , Z Avg: 0.191 g , Magnitude Mean: 0.99 g","100","1.6|1.41|0.457|2.033|0.105|0.96|0.191|0.99|2","2","971850","True","0","2.96"
"7d7efed6-fe73-4ba1-a03a-434b8af1f7ac","630899","G-force - Max & Avg - 630899","05/17/2022 9:02 AM","1.148","X Max: 1.148 g , Y Max: 1.54 g , Z Max: 0.793 g , Magnitude Max: 1.599 g , X Avg: 0.152 g , Y Avg: 0.958 g , Z Avg: 0.28 g , Magnitude Mean: 1.042 g","100","1.148|1.54|0.793|1.599|0.152|0.958|0.28|1.042|2","2","971850","True","0","2.96"
"433835d4-3aea-4d42-83dc-0a029378ff9a","630899","G-force - Max & Avg - 630899","05/17/2022 9:03 AM","3.439","X Max: 3.439 g , Y Max: 1.865 g , Z Max: 1.395 g , Magnitude Max: 3.715 g , X Avg: 0.087 g , Y Avg: 0.96 g , Z Avg: 0.225 g , Magnitude Mean: 1.01 g","100","3.439|1.865|1.395|3.715|0.087|0.96|0.225|1.01|2","2","971850","True","0","2.96"
"2359a5b7-4530-4094-9248-bac501ce3705","630899","G-force - Max & Avg - 630899","05/17/2022 9:03 AM","0.768","X Max: 0.768 g , Y Max: 2.129 g , Z Max: 0.565 g , Magnitude Max: 2.205 g , X Avg: 0.038 g , Y Avg: 0.956 g , Z Avg: 0.209 g , Magnitude Mean: 0.981 g","100","0.768|2.129|0.565|2.205|0.038|0.956|0.209|0.981|2","2","971850","True","0","2.96"
"62b35481-bc8b-4e3b-81a5-709d409f7711","630899","G-force - Max & Avg - 630899","05/17/2022 9:03 AM","1.27","X Max: 1.27 g , Y Max: 1.816 g , Z Max: 0.817 g , Magnitude Max: 1.882 g , X Avg: 0.053 g , Y Avg: 0.958 g , Z Avg: 0.214 g , Magnitude Mean: 0.99 g","100","1.27|1.816|0.817|1.882|0.053|0.958|0.214|0.99|2","2","971850","True","0","2.96"
"201f5232-39a4-4d7d-a318-4745e38e2f60","630899","G-force - Max & Avg - 630899","05/17/2022 9:05 AM","0.845","X Max: 0.845 g , Y Max: 2.129 g , Z Max: 0.634 g , Magnitude Max: 2.215 g , X Avg: 0.037 g , Y Avg: 0.945 g , Z Avg: 0.236 g , Magnitude Mean: 0.976 g","100","0.845|2.129|0.634|2.215|0.037|0.945|0.236|0.976|2","2","971850","True","0","2.96"
"c723b1ce-467f-4a59-9b67-ec03a0331b63","630899","G-force - Max & Avg - 630899","05/17/2022 9:07 AM","1.009","X Max: 1.009 g , Y Max: 1.975 g , Z Max: 0.737 g , Magnitude Max: 2.016 g , X Avg: 0.041 g , Y Avg: 0.944 g , Z Avg: 0.237 g , Magnitude Mean: 0.976 g","100","1.009|1.975|0.737|2.016|0.041|0.944|0.237|0.976|2","2","971850","True","0","2.96"
"67aab60f-e292-4554-b873-a7769444a4e2","630899","G-force - Max & Avg - 630899","05/17/2022 9:07 AM","1.265","X Max: 1.265 g , Y Max: 1.806 g , Z Max: 0.928 g , Magnitude Max: 1.89 g , X Avg: 0.048 g , Y Avg: 0.945 g , Z Avg: 0.248 g , Magnitude Mean: 0.984 g","100","1.265|1.806|0.928|1.89|0.048|0.945|0.248|0.984|2","2","971850","True","0","2.97"
"d4031571-80e4-4d15-90c4-b06db7b4eecb","630899","G-force - Max & Avg - 630899","05/17/2022 9:07 AM","0.967","X Max: 0.967 g , Y Max: 1.989 g , Z Max: 0.45 g , Magnitude Max: 2.191 g , X Avg: 0.086 g , Y Avg: 0.954 g , Z Avg: 0.232 g , Magnitude Mean: 0.989 g","100","0.967|1.989|0.45|2.191|0.086|0.954|0.232|0.989|2","2","971850","True","0","2.97"
"07c1c3e9-0ba4-4b9c-9be4-4564ef9c9a1b","630899","G-force - Max & Avg - 630899","05/17/2022 9:08 AM","2.715","X Max: 2.715 g , Y Max: 1.688 g , Z Max: 0.392 g , Magnitude Max: 3.045 g , X Avg: 0.075 g , Y Avg: 0.968 g , Z Avg: 0.178 g , Magnitude Mean: 0.993 g","100","2.715|1.688|0.392|3.045|0.075|0.968|0.178|0.993|2","2","971850","True","0","2.97"
"2ffc7f86-56c8-400b-91f1-4eedce61aa29","630899","G-force - Max & Avg - 630899","05/17/2022 9:08 AM","1.724","X Max: 1.724 g , Y Max: 1.538 g , Z Max: 2.737 g , Magnitude Max: 3.237 g , X Avg: 0.088 g , Y Avg: 0.98 g , Z Avg: 0.236 g , Magnitude Mean: 1.045 g","100","1.724|1.538|2.737|3.237|0.088|0.98|0.236|1.045|2","2","971850","True","0","2.96"
"d2332a93-9344-4748-88a3-9e91e000cef9","630899","G-force - Max & Avg - 630899","05/17/2022 9:08 AM","3.232","X Max: 3.232 g , Y Max: 1.67 g , Z Max: 0.536 g , Magnitude Max: 3.552 g , X Avg: 0.081 g , Y Avg: 0.978 g , Z Avg: 0.183 g , Magnitude Mean: 1.012 g","100","3.232|1.67|0.536|3.552|0.081|0.978|0.183|1.012|2","2","971850","True","0","2.96"
"f694c05b-c70c-48e6-9d2c-62b41129c92d","630899","G-force - Max & Avg - 630899","05/17/2022 9:08 AM","1.34","X Max: 1.34 g , Y Max: 1.956 g , Z Max: 0.452 g , Magnitude Max: 2.004 g , X Avg: 0.171 g , Y Avg: 0.958 g , Z Avg: 0.131 g , Magnitude Mean: 1.002 g","100","1.34|1.956|0.452|2.004|0.171|0.958|0.131|1.002|2","2","971850","True","0","2.96"
"4f505d20-8815-45cd-9b83-1dd522ff27c6","630899","G-force - Max & Avg - 630899","05/17/2022 9:09 AM","0.447","X Max: 0.447 g , Y Max: 1.97 g , Z Max: 0.613 g , Magnitude Max: 2.071 g , X Avg: 0.034 g , Y Avg: 0.937 g , Z Avg: 0.264 g , Magnitude Mean: 0.975 g","100","0.447|1.97|0.613|2.071|0.034|0.937|0.264|0.975|2","2","971850","True","0","2.96"
"9c456e53-83b1-402b-aba5-0cdc90b88008","630899","G-force - Max & Avg - 630899","05/17/2022 9:09 AM","1.07","X Max: 1.07 g , Y Max: 1.838 g , Z Max: 0.94 g , Magnitude Max: 1.932 g , X Avg: 0.035 g , Y Avg: 0.942 g , Z Avg: 0.248 g , Magnitude Mean: 0.977 g","100","1.07|1.838|0.94|1.932|0.035|0.942|0.248|0.977|2","2","971850","True","0","2.96"
"e2a1fe65-d629-4b8e-ad9a-301c28663216","630899","G-force - Max & Avg - 630899","05/17/2022 9:10 AM","1.367","X Max: 1.367 g , Y Max: 1.738 g , Z Max: 1.122 g , Magnitude Max: 1.818 g , X Avg: 0.037 g , Y Avg: 0.945 g , Z Avg: 0.239 g , Magnitude Mean: 0.979 g","100","1.367|1.738|1.122|1.818|0.037|0.945|0.239|0.979|2","2","971850","True","0","2.97"
"bbb23ab3-8cb7-413b-b28b-fc62afa64f02","630899","G-force - Max & Avg - 630899","05/17/2022 9:10 AM","1.297","X Max: 1.297 g , Y Max: 1.787 g , Z Max: 0.922 g , Magnitude Max: 1.861 g , X Avg: 0.039 g , Y Avg: 0.95 g , Z Avg: 0.231 g , Magnitude Mean: 0.982 g","100","1.297|1.787|0.922|1.861|0.039|0.95|0.231|0.982|2","2","971850","True","0","2.97"
"900f083e-009b-4c64-8514-0d5538db9dcc","630899","G-force - Max & Avg - 630899","05/17/2022 9:10 AM","1.437","X Max: 1.437 g , Y Max: 1.813 g , Z Max: 1.155 g , Magnitude Max: 1.975 g , X Avg: 0.08 g , Y Avg: 0.96 g , Z Avg: 0.22 g , Magnitude Mean: 1.001 g","100","1.437|1.813|1.155|1.975|0.08|0.96|0.22|1.001|2","2","971850","True","0","2.97"
"5e2f075c-4746-4be9-9980-640ad70a2fab","630899","G-force - Max & Avg - 630899","05/17/2022 9:11 AM","0.401","X Max: 0.401 g , Y Max: 2.07 g , Z Max: 0.543 g , Magnitude Max: 2.131 g , X Avg: 0.035 g , Y Avg: 0.947 g , Z Avg: 0.239 g , Magnitude Mean: 0.979 g","100","0.401|2.07|0.543|2.131|0.035|0.947|0.239|0.979|2","2","971850","True","0","2.97"
"17773ee3-cc11-426d-a11d-0db02cd80cc0","630899","G-force - Max & Avg - 630899","05/17/2022 9:11 AM","1.042","X Max: 1.042 g , Y Max: 1.733 g , Z Max: 0.534 g , Magnitude Max: 1.818 g , X Avg: 0.055 g , Y Avg: 0.942 g , Z Avg: 0.225 g , Magnitude Mean: 0.975 g","100","1.042|1.733|0.534|1.818|0.055|0.942|0.225|0.975|2","2","971850","True","0","2.97"
"13fb6f89-399d-4f60-b035-744579f91487","630899","G-force - Max & Avg - 630899","05/17/2022 9:11 AM","1.109","X Max: 1.109 g , Y Max: 1.507 g , Z Max: 0.396 g , Magnitude Max: 1.552 g , X Avg: 0.103 g , Y Avg: 0.934 g , Z Avg: 0.208 g , Magnitude Mean: 0.969 g","100","1.109|1.507|0.396|1.552|0.103|0.934|0.208|0.969|2","2","971850","True","0","2.97"
"f261c94f-8328-4a55-b984-207f180809c1","630899","G-force - Max & Avg - 630899","05/17/2022 9:11 AM","1.791","X Max: 1.791 g , Y Max: 1.646 g , Z Max: 0.544 g , Magnitude Max: 2.402 g , X Avg: 0.104 g , Y Avg: 0.958 g , Z Avg: 0.203 g , Magnitude Mean: 0.991 g","100","1.791|1.646|0.544|2.402|0.104|0.958|0.203|0.991|2","2","971850","True","0","2.97"
"b7668466-6838-4572-95ef-901fd39c7956","630899","G-force - Max & Avg - 630899","05/17/2022 9:11 AM","1.333","X Max: 1.333 g , Y Max: 1.498 g , Z Max: 0.373 g , Magnitude Max: 1.536 g , X Avg: 0.089 g , Y Avg: 0.954 g , Z Avg: 0.196 g , Magnitude Mean: 0.982 g","100","1.333|1.498|0.373|1.536|0.089|0.954|0.196|0.982|2","2","971850","True","0","2.97"
"e5b6316d-d9e5-4f86-99cb-8381a577db8d","630899","G-force - Max & Avg - 630899","05/17/2022 9:13 AM","0.956","X Max: 0.956 g , Y Max: 2.016 g , Z Max: 0.597 g , Magnitude Max: 2.031 g , X Avg: 0.038 g , Y Avg: 0.94 g , Z Avg: 0.251 g , Magnitude Mean: 0.976 g","100","0.956|2.016|0.597|2.031|0.038|0.94|0.251|0.976|2","2","971850","True","0","2.97"
"9fb95b89-860d-4867-bbcf-928964867335","630899","G-force - Max & Avg - 630899","05/17/2022 9:13 AM","1.176","X Max: 1.176 g , Y Max: 1.401 g , Z Max: 0.409 g , Magnitude Max: 1.459 g , X Avg: 0.12 g , Y Avg: 0.97 g , Z Avg: 0.189 g , Magnitude Mean: 1.007 g","100","1.176|1.401|0.409|1.459|0.12|0.97|0.189|1.007|2","2","971850","False","0","2.97"
"60de0c3a-17ed-4ae7-9c19-c375b20a2243","630899","G-force - Max & Avg - 630899","05/17/2022 9:13 AM","1.133","X Max: 1.133 g , Y Max: 1.728 g , Z Max: 1.156 g , Magnitude Max: 1.825 g , X Avg: 0.044 g , Y Avg: 0.945 g , Z Avg: 0.237 g , Magnitude Mean: 0.979 g","100","1.133|1.728|1.156|1.825|0.044|0.945|0.237|0.979|2","2","971850","True","0","2.97"
"a0790be9-260b-49c2-a14d-01dcd1afeac6","630899","G-force - Max & Avg - 630899","05/17/2022 9:13 AM","2.708","X Max: 2.708 g , Y Max: 1.65 g , Z Max: 2.964 g , Magnitude Max: 4.02 g , X Avg: 0.035 g , Y Avg: 0.884 g , Z Avg: 0.402 g , Magnitude Mean: 0.984 g","100","2.708|1.65|2.964|4.02|0.035|0.884|0.402|0.984|2","2","971850","True","0","2.97"
"3b6403cf-ac73-497a-95d3-0fe7a172e6cd","630899","G-force - Max & Avg - 630899","05/17/2022 9:14 AM","0.852","X Max: 0.852 g , Y Max: 1.794 g , Z Max: 1.74 g , Magnitude Max: 2.117 g , X Avg: 0.041 g , Y Avg: 0.947 g , Z Avg: 0.241 g , Magnitude Mean: 0.981 g","100","0.852|1.794|1.74|2.117|0.041|0.947|0.241|0.981|2","2","971850","True","0","2.97"
"d7912b8a-6997-4061-96d4-1b938a1644b9","630899","G-force - Max & Avg - 630899","05/17/2022 9:15 AM","1.146","X Max: 1.146 g , Y Max: 3.504 g , Z Max: 1.795 g , Magnitude Max: 4.1 g , X Avg: 0.07 g , Y Avg: 0.956 g , Z Avg: 0.226 g , Magnitude Mean: 0.992 g","100","1.146|3.504|1.795|4.1|0.07|0.956|0.226|0.992|2","2","971850","True","0","2.97"
"6bed6742-2b74-4f20-a6f7-ab153ce7b58f","630899","G-force - Max & Avg - 630899","05/17/2022 9:15 AM","0.767","X Max: 0.767 g , Y Max: 1.275 g , Z Max: 1.245 g , Magnitude Max: 1.742 g , X Avg: 0.06 g , Y Avg: 0.912 g , Z Avg: 0.343 g , Magnitude Mean: 0.981 g","100","0.767|1.275|1.245|1.742|0.06|0.912|0.343|0.981|2","2","971850","True","0","2.97"
"74620bd3-fd7f-4d1c-b1fe-30a0b791d814","630899","G-force - Max & Avg - 630899","05/17/2022 9:15 AM","0.805","X Max: 0.805 g , Y Max: 3.621 g , Z Max: 1.428 g , Magnitude Max: 3.91 g , X Avg: 0.092 g , Y Avg: 0.928 g , Z Avg: 0.279 g , Magnitude Mean: 0.978 g","100","0.805|3.621|1.428|3.91|0.092|0.928|0.279|0.978|2","2","971850","True","0","2.97"
"1dae6ee5-cf10-4aea-b3c1-0d6225400571","630899","G-force - Max & Avg - 630899","05/17/2022 9:15 AM","0.757","X Max: 0.757 g , Y Max: 1.353 g , Z Max: 2.423 g , Magnitude Max: 2.605 g , X Avg: 0.094 g , Y Avg: 0.925 g , Z Avg: 0.283 g , Magnitude Mean: 0.982 g","100","0.757|1.353|2.423|2.605|0.094|0.925|0.283|0.982|2","2","971850","True","0","2.97"
"8f29db1d-6307-4a63-b512-ec0681a38ac1","630899","G-force - Max & Avg - 630899","05/17/2022 9:16 AM","1.045","X Max: 1.045 g , Y Max: 1.754 g , Z Max: 2.271 g , Magnitude Max: 2.598 g , X Avg: 0.078 g , Y Avg: 0.911 g , Z Avg: 0.328 g , Magnitude Mean: 0.977 g","100","1.045|1.754|2.271|2.598|0.078|0.911|0.328|0.977|2","2","971850","True","0","2.96"
"2608b033-f89c-445b-a9fb-082e60145852","630899","G-force - Max & Avg - 630899","05/17/2022 9:17 AM","2.152","X Max: 2.152 g , Y Max: 1.6 g , Z Max: 1.238 g , Magnitude Max: 2.51 g , X Avg: 0.093 g , Y Avg: 0.948 g , Z Avg: 0.28 g , Magnitude Mean: 1.004 g","100","2.152|1.6|1.238|2.51|0.093|0.948|0.28|1.004|2","2","971850","True","0","2.96"
"58509d7a-4bbb-4286-ab7a-82c89818a794","630899","G-force - Max & Avg - 630899","05/17/2022 9:17 AM","1.099","X Max: 1.099 g , Y Max: 1.566 g , Z Max: 0.41 g , Magnitude Max: 1.794 g , X Avg: 0.282 g , Y Avg: 1 g , Z Avg: 0.218 g , Magnitude Mean: 1.094 g","100","1.099|1.566|0.41|1.794|0.282|1|0.218|1.094|2","2","971850","True","0","2.97"
"e4b4c807-3477-4ef2-bc8e-b91a0e10d0cb","630899","G-force - Max & Avg - 630899","05/17/2022 9:17 AM","0.355","X Max: 0.355 g , Y Max: 3.964 g , Z Max: 0.967 g , Magnitude Max: 4.03 g , X Avg: 0.066 g , Y Avg: 0.948 g , Z Avg: 0.248 g , Magnitude Mean: 0.984 g","100","0.355|3.964|0.967|4.03|0.066|0.948|0.248|0.984|2","2","971850","True","0","2.97"
"31388cfb-12a6-4138-8d9e-d9cd9bcda64f","630899","G-force - Max & Avg - 630899","05/17/2022 9:17 AM","1.63","X Max: 1.63 g , Y Max: 2.276 g , Z Max: 1.806 g , Magnitude Max: 3.323 g , X Avg: 0.055 g , Y Avg: 0.912 g , Z Avg: 0.33 g , Magnitude Mean: 0.975 g","100","1.63|2.276|1.806|3.323|0.055|0.912|0.33|0.975|2","2","971850","True","0","2.97"
"48f466f0-c146-44b7-8bd3-3ba939dfb82c","630899","G-force - Max & Avg - 630899","05/17/2022 9:17 AM","1.273","X Max: 1.273 g , Y Max: 1.68 g , Z Max: 1.257 g , Magnitude Max: 1.859 g , X Avg: 0.048 g , Y Avg: 0.921 g , Z Avg: 0.311 g , Magnitude Mean: 0.977 g","100","1.273|1.68|1.257|1.859|0.048|0.921|0.311|0.977|2","2","971850","True","0","2.97"
"7e19eed0-2410-486f-953f-439a61b9e314","630899","G-force - Max & Avg - 630899","05/17/2022 9:18 AM","1.091","X Max: 1.091 g , Y Max: 1.381 g , Z Max: 0.977 g , Magnitude Max: 1.657 g , X Avg: 0.046 g , Y Avg: 0.934 g , Z Avg: 0.276 g , Magnitude Mean: 0.978 g","100","1.091|1.381|0.977|1.657|0.046|0.934|0.276|0.978|2","2","971850","True","0","2.97"
"1763c339-4567-4c6a-ae70-f7f7cd3b0654","630899","G-force - Max & Avg - 630899","05/17/2022 9:18 AM","1.141","X Max: 1.141 g , Y Max: 1.612 g , Z Max: 0.979 g , Magnitude Max: 1.698 g , X Avg: 0.05 g , Y Avg: 0.934 g , Z Avg: 0.302 g , Magnitude Mean: 0.99 g","100","1.141|1.612|0.979|1.698|0.05|0.934|0.302|0.99|2","2","971850","True","0","2.97"
"beb6e631-0467-480d-a5c0-32e64c5ac5cd","630899","G-force - Max & Avg - 630899","05/17/2022 9:18 AM","1.449","X Max: 1.449 g , Y Max: 2.043 g , Z Max: 1.665 g , Magnitude Max: 2.773 g , X Avg: 0.063 g , Y Avg: 0.946 g , Z Avg: 0.278 g , Magnitude Mean: 0.992 g","100","1.449|2.043|1.665|2.773|0.063|0.946|0.278|0.992|2","2","971850","True","0","2.97"
"6faa3be6-ff9a-4075-abe8-e5fd3a3a438e","630899","G-force - Max & Avg - 630899","05/17/2022 9:19 AM","1.803","X Max: 1.803 g , Y Max: 1.442 g , Z Max: 1.219 g , Magnitude Max: 2.56 g , X Avg: 0.059 g , Y Avg: 0.898 g , Z Avg: 0.352 g , Magnitude Mean: 0.967 g","100","1.803|1.442|1.219|2.56|0.059|0.898|0.352|0.967|2","2","971850","True","0","2.97"
"fa9a8e05-e7ee-477c-8d30-890d2b918a9f","630899","G-force - Max & Avg - 630899","05/17/2022 9:29 AM","0.212","X Max: 0.212 g , Y Max: 1.053 g , Z Max: 0.727 g , Magnitude Max: 1.095 g , X Avg: 0.031 g , Y Avg: 0.899 g , Z Avg: 0.35 g , Magnitude Mean: 0.965 g","100","0.212|1.053|0.727|1.095|0.031|0.899|0.35|0.965|0","0","971850","False","0","2.97"
"a1db5d5b-7f05-4e52-9c43-bd0d76cecbc8","630899","G-force - Max & Avg - 630899","05/17/2022 9:36 AM","1.073","X Max: 1.073 g , Y Max: 2.063 g , Z Max: 1.931 g , Magnitude Max: 3.023 g , X Avg: 0.052 g , Y Avg: 0.908 g , Z Avg: 0.337 g , Magnitude Mean: 0.969 g","100","1.073|2.063|1.931|3.023|0.052|0.908|0.337|0.969|2","2","971850","True","0","2.97"
"24afad59-5f95-46bf-875c-3025dc545411","630899","G-force - Max & Avg - 630899","05/17/2022 9:37 AM","0.308","X Max: 0.308 g , Y Max: 2.488 g , Z Max: 1.565 g , Magnitude Max: 2.955 g , X Avg: 0.057 g , Y Avg: 0.904 g , Z Avg: 0.343 g , Magnitude Mean: 0.969 g","100","0.308|2.488|1.565|2.955|0.057|0.904|0.343|0.969|2","2","971850","True","0","2.96"
"58b1666a-e353-492b-a539-25ffd0319340","630899","G-force - Max & Avg - 630899","05/17/2022 9:38 AM","0.957","X Max: 0.957 g , Y Max: 1.675 g , Z Max: 1.559 g , Magnitude Max: 2.48 g , X Avg: 0.042 g , Y Avg: 0.919 g , Z Avg: 0.314 g , Magnitude Mean: 0.972 g","100","0.957|1.675|1.559|2.48|0.042|0.919|0.314|0.972|2","2","971850","True","0","2.96"
"05cd79a3-ccbc-4527-a331-adc953e21e2f","630899","G-force - Max & Avg - 630899","05/17/2022 9:38 AM","0.463","X Max: 0.463 g , Y Max: 2.073 g , Z Max: 1.475 g , Magnitude Max: 2.372 g , X Avg: 0.042 g , Y Avg: 0.933 g , Z Avg: 0.298 g , Magnitude Mean: 0.982 g","100","0.463|2.073|1.475|2.372|0.042|0.933|0.298|0.982|2","2","971850","True","0","2.96"
"01ad5cc1-a6a6-4ff0-9be0-d66a804eb22c","630899","G-force - Max & Avg - 630899","05/17/2022 9:48 AM","0.107","X Max: 0.107 g , Y Max: 0.963 g , Z Max: 0.446 g , Magnitude Max: 1.062 g , X Avg: 0.028 g , Y Avg: 0.907 g , Z Avg: 0.337 g , Magnitude Mean: 0.968 g","100","0.107|0.963|0.446|1.062|0.028|0.907|0.337|0.968|0","0","971850","False","0","2.96"
"a18d8c8f-c954-4000-a84e-71b67fb1aeaa","630899","G-force - Max & Avg - 630899","05/17/2022 9:58 AM","0.052","X Max: 0.052 g , Y Max: 0.942 g , Z Max: 0.353 g , Magnitude Max: 1.006 g , X Avg: 0.028 g , Y Avg: 0.907 g , Z Avg: 0.338 g , Magnitude Mean: 0.967 g","100","0.052|0.942|0.353|1.006|0.028|0.907|0.338|0.967|0","0","971850","False","0","2.96"
"962a6751-be2f-4316-95a4-fbd327b4b119","630899","G-force - Max & Avg - 630899","05/17/2022 10:08 AM","0.042","X Max: 0.042 g , Y Max: 0.92 g , Z Max: 0.35 g , Magnitude Max: 0.982 g , X Avg: 0.025 g , Y Avg: 0.905 g , Z Avg: 0.34 g , Magnitude Mean: 0.967 g","100","0.042|0.92|0.35|0.982|0.025|0.905|0.34|0.967|0","0","971850","False","0","2.96"
"be57f9df-eb7a-4a6b-b5d0-550f394460d4","630899","G-force - Max & Avg - 630899","05/17/2022 10:18 AM","0.062","X Max: 0.062 g , Y Max: 0.946 g , Z Max: 0.357 g , Magnitude Max: 1.009 g , X Avg: 0.033 g , Y Avg: 0.908 g , Z Avg: 0.336 g , Magnitude Mean: 0.969 g","100","0.062|0.946|0.357|1.009|0.033|0.908|0.336|0.969|0","0","971850","False","0","2.96"
"95ff8829-15a3-4751-b80d-6d22cdaaf244","630899","G-force - Max & Avg - 630899","05/17/2022 10:28 AM","0.13","X Max: 0.13 g , Y Max: 1.01 g , Z Max: 0.414 g , Magnitude Max: 1.075 g , X Avg: 0.035 g , Y Avg: 0.91 g , Z Avg: 0.334 g , Magnitude Mean: 0.969 g","100","0.13|1.01|0.414|1.075|0.035|0.91|0.334|0.969|0","0","971850","False","0","2.96"
"37692ee5-f642-4042-a5b0-6ce18354e873","630899","G-force - Max & Avg - 630899","05/17/2022 10:28 AM","1.039","X Max: 1.039 g , Y Max: 2.354 g , Z Max: 1.596 g , Magnitude Max: 2.913 g , X Avg: 0.078 g , Y Avg: 0.933 g , Z Avg: 0.307 g , Magnitude Mean: 0.999 g","100","1.039|2.354|1.596|2.913|0.078|0.933|0.307|0.999|2","2","971850","True","0","2.96"
"b477d4ec-c094-43ef-bb01-e66af836f449","630899","G-force - Max & Avg - 630899","05/17/2022 10:36 AM","0.617","X Max: 0.617 g , Y Max: 0.978 g , Z Max: 1.667 g , Magnitude Max: 1.749 g , X Avg: 0.094 g , Y Avg: 0.353 g , Z Avg: 0.943 g , Magnitude Mean: 1.011 g","100","0.617|0.978|1.667|1.749|0.094|0.353|0.943|1.011|2","2","971850","True","0","2.96"
"980f0aa7-6b45-47b9-9cf5-c73cbacdb30a","630899","G-force - Max & Avg - 630899","05/17/2022 10:37 AM","1.182","X Max: 1.182 g , Y Max: 0.815 g , Z Max: 1.692 g , Magnitude Max: 1.919 g , X Avg: 0.189 g , Y Avg: 0.199 g , Z Avg: 0.977 g , Magnitude Mean: 1.051 g","100","1.182|0.815|1.692|1.919|0.189|0.199|0.977|1.051|2","2","971850","True","0","2.98"
"64b50f04-c044-4f14-b73d-e072813e82e4","630899","G-force - Max & Avg - 630899","05/17/2022 10:45 AM","0.447","X Max: 0.447 g , Y Max: 1.403 g , Z Max: 1.558 g , Magnitude Max: 1.561 g , X Avg: 0.011 g , Y Avg: 0.025 g , Z Avg: 1.018 g , Magnitude Mean: 1.018 g","100","0.447|1.403|1.558|1.561|0.011|0.025|1.018|1.018|2","2","971850","True","0","2.98"
"dae4d231-b7e5-4c7c-81f8-3b0dbdb2970f","630899","G-force - Max & Avg - 630899","05/17/2022 10:45 AM","0.566","X Max: 0.566 g , Y Max: 0.851 g , Z Max: 0.129 g , Magnitude Max: 0.915 g , X Avg: 0.225 g , Y Avg: 0.646 g , Z Avg: 0.057 g , Magnitude Mean: 0.711 g","100","0.566|0.851|0.129|0.915|0.225|0.646|0.057|0.711|2","2","971850","False","0","2.97"
"07641d14-c03a-4942-a42e-77d519c02c78","630899","G-force - Max & Avg - 630899","05/17/2022 10:45 AM","0","X Max: 0 g , Y Max: 0 g , Z Max: 0 g , Magnitude Max: 0 g , X Avg: 0 g , Y Avg: 0 g , Z Avg: 0 g , Magnitude Mean: 0 g","100","0|0|0|0|0|0|0|0|0","0","971850","False","100","2.98"
"ab28e24e-cf61-4cdc-8ab9-2a679a68adfa","630899","G-force - Max & Avg - 630899","05/17/2022 10:45 AM","0.008","X Max: 0.008 g , Y Max: 0.023 g , Z Max: 1.026 g , Magnitude Max: 1.026 g , X Avg: 0.004 g , Y Avg: 0.02 g , Z Avg: 1.018 g , Magnitude Mean: 1.018 g","100","0.008|0.023|1.026|1.026|0.004|0.02|1.018|1.018|2","2","971850","False","100","2.98"
"7e62f74a-190a-4dfc-a5db-5a32b17036a2","630899","G-force - Max & Avg - 630899","05/17/2022 10:45 AM","1.113","X Max: 1.113 g , Y Max: 0.388 g , Z Max: 1.631 g , Magnitude Max: 1.73 g , X Avg: 0.31 g , Y Avg: 0.078 g , Z Avg: 0.906 g , Magnitude Mean: 0.999 g","100","1.113|0.388|1.631|1.73|0.31|0.078|0.906|0.999|2","2","971850","True","100","2.99"
"e2d3757a-3106-4f8b-9a41-34c4fe5f3bc0","630899","G-force - Max & Avg - 630899","05/17/2022 10:45 AM","0.938","X Max: 0.938 g , Y Max: 1.222 g , Z Max: 1.478 g , Magnitude Max: 1.617 g , X Avg: 0.021 g , Y Avg: 0.045 g , Z Avg: 1.011 g , Magnitude Mean: 1.022 g","100","0.938|1.222|1.478|1.617|0.021|0.045|1.011|1.022|2","2","971850","True","100","2.99"
"5f59f75c-de22-42e1-9563-58a1ce1de564","630899","G-force - Max & Avg - 630899","05/17/2022 10:50 AM","0.01","X Max: 0.01 g , Y Max: 0.026 g , Z Max: 1.022 g , Magnitude Max: 1.022 g , X Avg: 0.006 g , Y Avg: 0.022 g , Z Avg: 1.018 g , Magnitude Mean: 1.018 g","100","0.01|0.026|1.022|1.022|0.006|0.022|1.018|1.018|3","3","971850","False","100","2.98"
"234f9da6-a6c5-4db2-8d07-fbae5c87defd","630899","G-force - Max & Avg - 630899","05/17/2022 10:50 AM","0.014","X Max: 0.014 g , Y Max: 0.028 g , Z Max: 1.038 g , Magnitude Max: 1.038 g , X Avg: 0.006 g , Y Avg: 0.022 g , Z Avg: 1.018 g , Magnitude Mean: 1.018 g","100","0.014|0.028|1.038|1.038|0.006|0.022|1.018|1.018|1","1","971850","False","100","2.99"
"8751e608-a8b6-4998-988d-4a157bbb55cc","630899","G-force - Max & Avg - 630899","05/17/2022 10:51 AM","0.013","X Max: 0.013 g , Y Max: 0.028 g , Z Max: 1.038 g , Magnitude Max: 1.038 g , X Avg: 0.006 g , Y Avg: 0.022 g , Z Avg: 1.018 g , Magnitude Mean: 1.018 g","100","0.013|0.028|1.038|1.038|0.006|0.022|1.018|1.018|1","1","971850","False","100","2.99"
"e2a3bd05-4108-4ba0-866e-e9ee1f6839ea","630899","G-force - Max & Avg - 630899","05/17/2022 10:51 AM","0.013","X Max: 0.013 g , Y Max: 0.028 g , Z Max: 1.034 g , Magnitude Max: 1.034 g , X Avg: 0.005 g , Y Avg: 0.022 g , Z Avg: 1.018 g , Magnitude Mean: 1.018 g","100","0.013|0.028|1.034|1.034|0.005|0.022|1.018|1.018|1","1","971850","False","100","3"
"978afcbe-97a7-426f-b759-2dc28e4aabe3","630899","G-force - Max & Avg - 630899","05/17/2022 10:52 AM","0.047","X Max: 0.047 g , Y Max: 0.03 g , Z Max: 1.226 g , Magnitude Max: 1.226 g , X Avg: 0.005 g , Y Avg: 0.022 g , Z Avg: 1.018 g , Magnitude Mean: 1.018 g","100","0.047|0.03|1.226|1.226|0.005|0.022|1.018|1.018|1","1","971850","False","100","3"
"546d0c24-a739-4f80-8d4c-34f97964bb07","630899","G-force - Max & Avg - 630899","05/17/2022 10:52 AM","0.17","X Max: 0.17 g , Y Max: 0.091 g , Z Max: 1.063 g , Magnitude Max: 1.066 g , X Avg: 0.004 g , Y Avg: 0.021 g , Z Avg: 1.018 g , Magnitude Mean: 1.018 g","100","0.17|0.091|1.063|1.066|0.004|0.021|1.018|1.018|1","1","971850","False","100","2.99"
"bd137411-c4d4-4a01-b27a-c93eada1eb5f","630899","G-force - Max & Avg - 630899","05/17/2022 10:53 AM","0.022","X Max: 0.022 g , Y Max: 0.039 g , Z Max: 1.043 g , Magnitude Max: 1.044 g , X Avg: 0.005 g , Y Avg: 0.022 g , Z Avg: 1.018 g , Magnitude Mean: 1.018 g","100","0.022|0.039|1.043|1.044|0.005|0.022|1.018|1.018|1","1","971850","False","100","3"
"47e5e213-629f-4e8d-bb17-c6673496d129","630899","G-force - Max & Avg - 630899","05/17/2022 10:53 AM","0.013","X Max: 0.013 g , Y Max: 0.027 g , Z Max: 1.051 g , Magnitude Max: 1.051 g , X Avg: 0.005 g , Y Avg: 0.022 g , Z Avg: 1.018 g , Magnitude Mean: 1.018 g","100","0.013|0.027|1.051|1.051|0.005|0.022|1.018|1.018|1","1","971850","False","100","3"
"1a81b0f8-ce2c-4b5d-8b9a-5eb5acd45aab","630899","G-force - Max & Avg - 630899","05/17/2022 10:54 AM","0.012","X Max: 0.012 g , Y Max: 0.028 g , Z Max: 1.054 g , Magnitude Max: 1.054 g , X Avg: 0.005 g , Y Avg: 0.022 g , Z Avg: 1.018 g , Magnitude Mean: 1.018 g","100","0.012|0.028|1.054|1.054|0.005|0.022|1.018|1.018|1","1","971850","False","100","3"
"475f3406-32f6-47a2-b6cd-75acb02398f3","630899","G-force - Max & Avg - 630899","05/17/2022 10:54 AM","0.017","X Max: 0.017 g , Y Max: 0.032 g , Z Max: 1.043 g , Magnitude Max: 1.043 g , X Avg: 0.005 g , Y Avg: 0.022 g , Z Avg: 1.018 g , Magnitude Mean: 1.018 g","100","0.017|0.032|1.043|1.043|0.005|0.022|1.018|1.018|0","0","971850","False","100","2.99"
"931d9377-2133-4f1c-8c28-e1d62fc33b2d","630899","G-force - Max & Avg - 630899","05/17/2022 11:04 AM","0.268","X Max: 0.268 g , Y Max: 0.121 g , Z Max: 1.333 g , Magnitude Max: 1.338 g , X Avg: 0.005 g , Y Avg: 0.022 g , Z Avg: 1.018 g , Magnitude Mean: 1.018 g","100","0.268|0.121|1.333|1.338|0.005|0.022|1.018|1.018|0","0","971850","False","100","2.99"
"86782a2d-0dac-4b7a-bde6-44689e414a74","630899","G-force - Max & Avg - 630899","05/17/2022 11:14 AM","0.035","X Max: 0.035 g , Y Max: 0.033 g , Z Max: 1.209 g , Magnitude Max: 1.209 g , X Avg: 0.005 g , Y Avg: 0.022 g , Z Avg: 1.018 g , Magnitude Mean: 1.018 g","100","0.035|0.033|1.209|1.209|0.005|0.022|1.018|1.018|0","0","971850","False","100","2.99"
"05dbd34d-0de1-4847-a21b-9a7bdb10632a","630899","G-force - Max & Avg - 630899","05/17/2022 11:19 AM","0.777","X Max: 0.777 g , Y Max: 0.796 g , Z Max: 1.981 g , Magnitude Max: 2.181 g , X Avg: 0.006 g , Y Avg: 0.024 g , Z Avg: 1.018 g , Magnitude Mean: 1.018 g","100","0.777|0.796|1.981|2.181|0.006|0.024|1.018|1.018|2","2","971850","True","100","2.99"
"816b5865-c38c-483a-8dbd-5687a76db83c","630899","G-force - Max & Avg - 630899","05/17/2022 2:36 PM","0.007","X Max: 0.007 g , Y Max: 0.021 g , Z Max: 1.023 g , Magnitude Max: 1.023 g , X Avg: 0.005 g , Y Avg: 0.019 g , Z Avg: 1.018 g , Magnitude Mean: 1.017 g","100","0.007|0.021|1.023|1.023|0.005|0.019|1.018|1.017|3","3","971850","False","100","2.98"
"758b5c5c-caaa-44b4-bb95-18b090d124d9","630899","G-force - Max & Avg - 630899","05/17/2022 2:36 PM","0.038","X Max: 0.038 g , Y Max: 0.046 g , Z Max: 1.03 g , Magnitude Max: 1.03 g , X Avg: 0.004 g , Y Avg: 0.018 g , Z Avg: 1.018 g , Magnitude Mean: 1.018 g","100","0.038|0.046|1.03|1.03|0.004|0.018|1.018|1.018|1","1","971850","False","100","2.98"
"51e3ee9a-530b-4af9-8262-c3420730c75f","630899","G-force - Max & Avg - 630899","05/17/2022 2:37 PM","0.017","X Max: 0.017 g , Y Max: 0.028 g , Z Max: 1.104 g , Magnitude Max: 1.104 g , X Avg: 0.004 g , Y Avg: 0.018 g , Z Avg: 1.019 g , Magnitude Mean: 1.018 g","100","0.017|0.028|1.104|1.104|0.004|0.018|1.019|1.018|1","1","971850","False","100","2.99"
"0a523bf3-982c-4df7-92ef-2f6db9981481","630899","G-force - Max & Avg - 630899","05/17/2022 2:37 PM","0.027","X Max: 0.027 g , Y Max: 0.025 g , Z Max: 1.049 g , Magnitude Max: 1.049 g , X Avg: 0.004 g , Y Avg: 0.018 g , Z Avg: 1.018 g , Magnitude Mean: 1.018 g","100","0.027|0.025|1.049|1.049|0.004|0.018|1.018|1.018|1","1","971850","False","100","2.99"
"a5509966-614a-437e-8727-adbf2e1f6cb5","630899","G-force - Max & Avg - 630899","05/17/2022 2:38 PM","0.012","X Max: 0.012 g , Y Max: 0.024 g , Z Max: 1.043 g , Magnitude Max: 1.043 g , X Avg: 0.004 g , Y Avg: 0.018 g , Z Avg: 1.019 g , Magnitude Mean: 1.018 g","100","0.012|0.024|1.043|1.043|0.004|0.018|1.019|1.018|1","1","971850","False","100","2.99"
"c4b7c9a5-5dfb-4930-82fd-7e3c88f91f5b","630899","G-force - Max & Avg - 630899","05/17/2022 2:38 PM","0.013","X Max: 0.013 g , Y Max: 0.024 g , Z Max: 1.169 g , Magnitude Max: 1.169 g , X Avg: 0.003 g , Y Avg: 0.017 g , Z Avg: 1.019 g , Magnitude Mean: 1.018 g","100","0.013|0.024|1.169|1.169|0.003|0.017|1.019|1.018|1","1","971850","False","100","2.99"
"1d4c5865-5fde-474d-8251-c2d62957012b","630899","G-force - Max & Avg - 630899","05/17/2022 2:39 PM","0.016","X Max: 0.016 g , Y Max: 0.024 g , Z Max: 1.029 g , Magnitude Max: 1.029 g , X Avg: 0.004 g , Y Avg: 0.018 g , Z Avg: 1.019 g , Magnitude Mean: 1.018 g","100","0.016|0.024|1.029|1.029|0.004|0.018|1.019|1.018|1","1","971850","False","100","2.99"
"e19ecdb9-1175-453a-bd32-67a8d3636c82","630899","G-force - Max & Avg - 630899","05/17/2022 2:39 PM","0.019","X Max: 0.019 g , Y Max: 0.026 g , Z Max: 1.068 g , Magnitude Max: 1.068 g , X Avg: 0.004 g , Y Avg: 0.018 g , Z Avg: 1.019 g , Magnitude Mean: 1.018 g","100","0.019|0.026|1.068|1.068|0.004|0.018|1.019|1.018|1","1","971850","False","100","2.99"
"abd30b6f-7cc1-4a32-a37f-baade93cae94","630899","G-force - Max & Avg - 630899","05/17/2022 2:40 PM","0.016","X Max: 0.016 g , Y Max: 0.024 g , Z Max: 1.061 g , Magnitude Max: 1.061 g , X Avg: 0.004 g , Y Avg: 0.018 g , Z Avg: 1.019 g , Magnitude Mean: 1.018 g","100","0.016|0.024|1.061|1.061|0.004|0.018|1.019|1.018|1","1","971850","False","100","2.99"
"0ac66952-c925-4774-9539-382c103ba14e","630899","G-force - Max & Avg - 630899","05/17/2022 2:40 PM","0.012","X Max: 0.012 g , Y Max: 0.025 g , Z Max: 1.03 g , Magnitude Max: 1.03 g , X Avg: 0.004 g , Y Avg: 0.018 g , Z Avg: 1.019 g , Magnitude Mean: 1.018 g","100","0.012|0.025|1.03|1.03|0.004|0.018|1.019|1.018|0","0","971850","False","100","2.99"
"7c2f7bbe-14b7-4e45-9714-f9741b8c9e12","630899","G-force - Max & Avg - 630899","05/17/2022 2:50 PM","0.493","X Max: 0.493 g , Y Max: 0.106 g , Z Max: 1.327 g , Magnitude Max: 1.327 g , X Avg: 0.004 g , Y Avg: 0.018 g , Z Avg: 1.019 g , Magnitude Mean: 1.018 g","100","0.493|0.106|1.327|1.327|0.004|0.018|1.019|1.018|0","0","971850","False","100","2.99"
"4cb5c00f-807e-4137-9804-10773dcc7caa","630899","G-force - Max & Avg - 630899","05/17/2022 3:00 PM","0.883","X Max: 0.883 g , Y Max: 0.369 g , Z Max: 1.4 g , Magnitude Max: 1.661 g , X Avg: 0.007 g , Y Avg: 0.018 g , Z Avg: 1.019 g , Magnitude Mean: 1.018 g","100","0.883|0.369|1.4|1.661|0.007|0.018|1.019|1.018|0","0","971850","True","100","2.99"
"f50b94e6-f453-4ff6-b7c0-ac4993160241","630899","G-force - Max & Avg - 630899","05/17/2022 3:10 PM","0.296","X Max: 0.296 g , Y Max: 0.274 g , Z Max: 1.145 g , Magnitude Max: 1.145 g , X Avg: 0.007 g , Y Avg: 0.019 g , Z Avg: 1.019 g , Magnitude Mean: 1.018 g","100","0.296|0.274|1.145|1.145|0.007|0.019|1.019|1.018|0","0","971850","False","100","2.99"
"6c02ea81-2581-4c7d-bc8b-8fe53bded5f7","630899","G-force - Max & Avg - 630899","05/17/2022 3:15 PM","0.298","X Max: 0.298 g , Y Max: 0.318 g , Z Max: 2.869 g , Magnitude Max: 2.872 g , X Avg: 0.008 g , Y Avg: 0.019 g , Z Avg: 1.019 g , Magnitude Mean: 1.019 g","100","0.298|0.318|2.869|2.872|0.008|0.019|1.019|1.019|2","2","971850","True","100","2.99"
"ac78aa5c-1a01-41d0-af30-addc9d572c29","630899","G-force - Max & Avg - 630899","05/17/2022 3:25 PM","0.137","X Max: 0.137 g , Y Max: 0.078 g , Z Max: 1.212 g , Magnitude Max: 1.212 g , X Avg: 0.008 g , Y Avg: 0.02 g , Z Avg: 1.018 g , Magnitude Mean: 1.018 g","100","0.137|0.078|1.212|1.212|0.008|0.02|1.018|1.018|0","0","971850","False","100","2.99"
"f9f72442-5f2c-4f8c-8fca-4578359946f6","630899","G-force - Max & Avg - 630899","05/17/2022 3:35 PM","0.022","X Max: 0.022 g , Y Max: 0.058 g , Z Max: 1.099 g , Magnitude Max: 1.1 g , X Avg: 0.008 g , Y Avg: 0.02 g , Z Avg: 1.018 g , Magnitude Mean: 1.018 g","100","0.022|0.058|1.099|1.1|0.008|0.02|1.018|1.018|0","0","971850","False","100","2.99"
"5087d187-9a35-4fc3-b630-f6f036855a7a","630899","G-force - Max & Avg - 630899","05/17/2022 3:45 PM","0.112","X Max: 0.112 g , Y Max: 0.07 g , Z Max: 1.102 g , Magnitude Max: 1.102 g , X Avg: 0.008 g , Y Avg: 0.02 g , Z Avg: 1.018 g , Magnitude Mean: 1.018 g","100","0.112|0.07|1.102|1.102|0.008|0.02|1.018|1.018|0","0","971850","False","100","2.99"
"9558b3d1-dde4-488b-9fd8-f472a0d1e9b0","630899","G-force - Max & Avg - 630899","05/17/2022 3:55 PM","0.138","X Max: 0.138 g , Y Max: 0.167 g , Z Max: 1.177 g , Magnitude Max: 1.189 g , X Avg: 0.008 g , Y Avg: 0.019 g , Z Avg: 1.018 g , Magnitude Mean: 1.018 g","100","0.138|0.167|1.177|1.189|0.008|0.019|1.018|1.018|0","0","971850","False","100","2.99"
"393e2c16-4996-4a21-a907-daabdbed323d","630899","G-force - Max & Avg - 630899","05/17/2022 4:05 PM","0.168","X Max: 0.168 g , Y Max: 0.199 g , Z Max: 1.27 g , Magnitude Max: 1.27 g , X Avg: 0.007 g , Y Avg: 0.019 g , Z Avg: 1.018 g , Magnitude Mean: 1.018 g","100","0.168|0.199|1.27|1.27|0.007|0.019|1.018|1.018|0","0","971850","False","100","2.99"
"af2d0416-75e9-4d42-8d86-009947141237","630899","G-force - Max & Avg - 630899","05/17/2022 4:12 PM","0.475","X Max: 0.475 g , Y Max: 0.325 g , Z Max: 4 g , Magnitude Max: 4.009 g , X Avg: 0.008 g , Y Avg: 0.02 g , Z Avg: 1.019 g , Magnitude Mean: 1.018 g","100","0.475|0.325|4|4.009|0.008|0.02|1.019|1.018|2","2","971850","True","100","2.99"
"e3803795-3b53-42a2-b6d7-e73de4b90a29","630899","G-force - Max & Avg - 630899","05/17/2022 4:22 PM","0.436","X Max: 0.436 g , Y Max: 0.189 g , Z Max: 1.195 g , Magnitude Max: 1.195 g , X Avg: 0.009 g , Y Avg: 0.021 g , Z Avg: 1.019 g , Magnitude Mean: 1.018 g","100","0.436|0.189|1.195|1.195|0.009|0.021|1.019|1.018|0","0","971850","False","100","2.99"
"9df842f7-1025-4edf-9848-a04995c213aa","630899","G-force - Max & Avg - 630899","05/17/2022 4:29 PM","0.296","X Max: 0.296 g , Y Max: 0.583 g , Z Max: 4 g , Magnitude Max: 4.047 g , X Avg: 0.009 g , Y Avg: 0.021 g , Z Avg: 1.019 g , Magnitude Mean: 1.018 g","100","0.296|0.583|4|4.047|0.009|0.021|1.019|1.018|2","2","971850","True","100","2.99"
"7db064ae-e3e4-4ed5-b578-b3cb4dc52ea1","630899","G-force - Max & Avg - 630899","05/17/2022 4:31 PM","0.334","X Max: 0.334 g , Y Max: 0.205 g , Z Max: 2.708 g , Magnitude Max: 2.722 g , X Avg: 0.008 g , Y Avg: 0.019 g , Z Avg: 1.02 g , Magnitude Mean: 1.02 g","100","0.334|0.205|2.708|2.722|0.008|0.019|1.02|1.02|2","2","971850","True","100","2.99"
"7d0d49f8-62f6-4362-ac6f-b25c4b449dcc","630899","G-force - Max & Avg - 630899","05/17/2022 4:31 PM","2.313","X Max: 2.313 g , Y Max: 1.486 g , Z Max: 4 g , Magnitude Max: 4.041 g , X Avg: 0.013 g , Y Avg: 0.022 g , Z Avg: 1.031 g , Magnitude Mean: 1.033 g","100","2.313|1.486|4|4.041|0.013|0.022|1.031|1.033|2","2","971850","True","100","2.99"
"2d2a3dbb-b5d8-42a5-a8ac-705539ba9c31","630899","G-force - Max & Avg - 630899","05/17/2022 4:34 PM","0.193","X Max: 0.193 g , Y Max: 0.724 g , Z Max: 4 g , Magnitude Max: 4.068 g , X Avg: 0.007 g , Y Avg: 0.02 g , Z Avg: 1.02 g , Magnitude Mean: 1.019 g","100","0.193|0.724|4|4.068|0.007|0.02|1.02|1.019|2","2","971850","True","100","2.99"
"aa84f392-d1ae-4c9b-aec1-b2d7f7251b92","630899","G-force - Max & Avg - 630899","05/17/2022 4:41 PM","0.693","X Max: 0.693 g , Y Max: 0.604 g , Z Max: 3.057 g , Magnitude Max: 3.115 g , X Avg: 0.007 g , Y Avg: 0.019 g , Z Avg: 1.019 g , Magnitude Mean: 1.018 g","100","0.693|0.604|3.057|3.115|0.007|0.019|1.019|1.018|2","2","971850","True","100","2.99"
"e4324324-e938-4ebb-a37d-d2e1e26cd322","630899","G-force - Max & Avg - 630899","05/17/2022 4:51 PM","0.164","X Max: 0.164 g , Y Max: 0.15 g , Z Max: 1.24 g , Magnitude Max: 1.24 g , X Avg: 0.008 g , Y Avg: 0.02 g , Z Avg: 1.019 g , Magnitude Mean: 1.018 g","100","0.164|0.15|1.24|1.24|0.008|0.02|1.019|1.018|0","0","971850","False","100","2.99"
"70b53840-72ae-4e53-8daf-bb60554abb04","630899","G-force - Max & Avg - 630899","05/17/2022 5:01 PM","0.329","X Max: 0.329 g , Y Max: 0.246 g , Z Max: 1.578 g , Magnitude Max: 1.6 g , X Avg: 0.009 g , Y Avg: 0.02 g , Z Avg: 1.018 g , Magnitude Mean: 1.018 g","100","0.329|0.246|1.578|1.6|0.009|0.02|1.018|1.018|0","0","971850","True","100","2.99"
"89e0c69f-529e-4ec8-a925-ad2b70807823","630899","G-force - Max & Avg - 630899","05/17/2022 5:11 PM","0.099","X Max: 0.099 g , Y Max: 0.054 g , Z Max: 1.227 g , Magnitude Max: 1.227 g , X Avg: 0.009 g , Y Avg: 0.019 g , Z Avg: 1.018 g , Magnitude Mean: 1.018 g","100","0.099|0.054|1.227|1.227|0.009|0.019|1.018|1.018|0","0","971850","False","100","2.99"
"463e979f-7682-4968-af39-82556ee192e7","630899","G-force - Max & Avg - 630899","05/17/2022 5:21 PM","0.233","X Max: 0.233 g , Y Max: 0.083 g , Z Max: 1.343 g , Magnitude Max: 1.364 g , X Avg: 0.009 g , Y Avg: 0.019 g , Z Avg: 1.018 g , Magnitude Mean: 1.018 g","100","0.233|0.083|1.343|1.364|0.009|0.019|1.018|1.018|0","0","971850","False","100","2.99"
"f67dee16-449a-4503-9dbf-48819e1b684f","630899","G-force - Max & Avg - 630899","05/17/2022 5:25 PM","0.292","X Max: 0.292 g , Y Max: 0.286 g , Z Max: 2.169 g , Magnitude Max: 2.185 g , X Avg: 0.013 g , Y Avg: 0.022 g , Z Avg: 1.018 g , Magnitude Mean: 1.018 g","100","0.292|0.286|2.169|2.185|0.013|0.022|1.018|1.018|2","2","971850","True","100","2.99"
"48f54b0d-d532-4ea1-9403-31eac570197d","630899","G-force - Max & Avg - 630899","05/17/2022 5:35 PM","0.192","X Max: 0.192 g , Y Max: 0.133 g , Z Max: 1.088 g , Magnitude Max: 1.089 g , X Avg: 0.019 g , Y Avg: 0.019 g , Z Avg: 1.018 g , Magnitude Mean: 1.018 g","100","0.192|0.133|1.088|1.089|0.019|0.019|1.018|1.018|0","0","971850","False","100","3"
"60cd5290-3602-4289-9ee1-c3df55d946b1","630899","G-force - Max & Avg - 630899","05/17/2022 5:35 PM","0.022","X Max: 0.022 g , Y Max: 0.023 g , Z Max: 1.025 g , Magnitude Max: 1.025 g , X Avg: 0.019 g , Y Avg: 0.017 g , Z Avg: 1.018 g , Magnitude Mean: 1.018 g","100","0.022|0.023|1.025|1.025|0.019|0.017|1.018|1.018|0","0","971850","False","100","2.99"
"ad49a14d-2591-42a0-b32d-3c10f0b7cab9","630899","G-force - Max & Avg - 630899","05/17/2022 5:45 PM","0.127","X Max: 0.127 g , Y Max: 0.052 g , Z Max: 1.173 g , Magnitude Max: 1.174 g , X Avg: 0.019 g , Y Avg: 0.018 g , Z Avg: 1.018 g , Magnitude Mean: 1.018 g","100","0.127|0.052|1.173|1.174|0.019|0.018|1.018|1.018|0","0","971850","False","95","2.99"
"ba0b8baa-6943-4549-8c82-01ad00b3d7fe","630899","G-force - Max & Avg - 630899","05/17/2022 5:51 PM","0.276","X Max: 0.276 g , Y Max: 0.685 g , Z Max: 1.553 g , Magnitude Max: 1.595 g , X Avg: 0.019 g , Y Avg: 0.018 g , Z Avg: 1.018 g , Magnitude Mean: 1.018 g","100","0.276|0.685|1.553|1.595|0.019|0.018|1.018|1.018|2","2","971850","True","100","2.99"
"83c13cd4-c0fe-48e0-8299-645723602d90","630899","G-force - Max & Avg - 630899","05/17/2022 5:53 PM","0.137","X Max: 0.137 g , Y Max: 0.321 g , Z Max: 1.209 g , Magnitude Max: 1.246 g , X Avg: 0.011 g , Y Avg: 0.019 g , Z Avg: 1.018 g , Magnitude Mean: 1.018 g","100","0.137|0.321|1.209|1.246|0.011|0.019|1.018|1.018|2","2","971850","False","100","2.99"
"0c2adfac-4ae5-472a-8b49-ca6969dd1c63","630899","G-force - Max & Avg - 630899","05/17/2022 5:54 PM","0.49","X Max: 0.49 g , Y Max: 0.076 g , Z Max: 1.189 g , Magnitude Max: 1.275 g , X Avg: 0.015 g , Y Avg: 0.018 g , Z Avg: 1.018 g , Magnitude Mean: 1.018 g","100","0.49|0.076|1.189|1.275|0.015|0.018|1.018|1.018|2","2","971850","False","100","2.99"
"87b07e9d-3ffd-4f2d-96eb-7b9d7f144d79","630899","G-force - Max & Avg - 630899","05/17/2022 6:04 PM","0.362","X Max: 0.362 g , Y Max: 0.201 g , Z Max: 1.131 g , Magnitude Max: 1.136 g , X Avg: 0.021 g , Y Avg: 0.017 g , Z Avg: 1.018 g , Magnitude Mean: 1.018 g","100","0.362|0.201|1.131|1.136|0.021|0.017|1.018|1.018|2","2","971850","False","100","2.99"
"74e1925a-0900-484a-bb34-9f92d92d166d","630899","G-force - Max & Avg - 630899","05/17/2022 6:11 PM","0.15","X Max: 0.15 g , Y Max: 0.784 g , Z Max: 1.166 g , Magnitude Max: 1.406 g , X Avg: 0.012 g , Y Avg: 0.017 g , Z Avg: 1.018 g , Magnitude Mean: 1.018 g","100","0.15|0.784|1.166|1.406|0.012|0.017|1.018|1.018|2","2","971850","False","100","2.99"
"b7c8d235-93e1-46a2-93ad-28e060257c60","630899","G-force - Max & Avg - 630899","05/17/2022 6:12 PM","0.328","X Max: 0.328 g , Y Max: 0.281 g , Z Max: 1.271 g , Magnitude Max: 1.272 g , X Avg: 0.015 g , Y Avg: 0.023 g , Z Avg: 1.019 g , Magnitude Mean: 1.019 g","100","0.328|0.281|1.271|1.272|0.015|0.023|1.019|1.019|2","2","971850","False","100","2.99"
"a47388d3-8419-43bc-8679-db9b9dbc6574","630899","G-force - Max & Avg - 630899","05/17/2022 6:13 PM","0.135","X Max: 0.135 g , Y Max: 0.385 g , Z Max: 1.234 g , Magnitude Max: 1.293 g , X Avg: 0.018 g , Y Avg: 0.02 g , Z Avg: 1.019 g , Magnitude Mean: 1.018 g","100","0.135|0.385|1.234|1.293|0.018|0.02|1.019|1.018|2","2","971850","False","100","2.99"
"fe5f2136-68b5-43f1-96dc-217fdefca960","630899","G-force - Max & Avg - 630899","05/17/2022 6:13 PM","0.145","X Max: 0.145 g , Y Max: 0.336 g , Z Max: 1.19 g , Magnitude Max: 1.194 g , X Avg: 0.021 g , Y Avg: 0.029 g , Z Avg: 1.019 g , Magnitude Mean: 1.02 g","100","0.145|0.336|1.19|1.194|0.021|0.029|1.019|1.02|2","2","971850","False","100","3"
